globalid,name,address,latitude,longitude,restroom_open_status,advertised_hours,ada_accessible,gender_neutral,baby_changing,showers,menstrual_products,category,operated_by,restroom_assessed,restroom_assessment_date,public_buildings,outdoor_facilities,government_facilities,commercial,transportation_mts,other,notes,timestamp,place_id,action,researcher_name,audit_datetime,restroom_name,open_when_visited,access_method,findability,showers_available,water_refill_nearby,visible_signage,security_cameras,access_barriers,overall_impressions,outside_context,approved
e729c27f-94bf-4631-9780-3c5003866d8f,Pacific Beach Law Street,"4861 Ocean Blvd, San Diego, CA 92109",32.802045,-117.259276,1,24/7,1,1,0,0,0,2,City of San Diego,1,6/22/22 17:12,,2,,,,,,,,,,,,,,,,,,,,,,
ec72bb33-4f3b-4ba4-a21a-4f3406709a4e,National City Public Library,"1401 National City Blvd, National City, CA 91950",32.6704966,-117.1045358,1,"Sun Closed, Mon - Thurs 10:00am - 8:00pm, Fri 10:00am - 6:00pm, Sat 10:00am - 5:00pm",1,0,0,1,0,1,City of National City,1,7/23/22 18:28,1,,,,,,,,,,,,,,,,,,,,,,,
554ec5e9-e167-43ec-88dd-18411a3d173c,Coronado Ferry Landing near Cold Stone,"1201 1st St # 101, Coronado, CA 92118",32.69811232,-117.1695199,1,"10:00am - 9:00pm, daily",1,0,1,1,1,,City of Coronado,1,,,,,,,,,,,,,,,,,,,,,,,,,
6589f4aa-f543-4370-81e9-771c4204f61b,Coronado Municipal Golf Course,"2000 Visalia Row, Coronado, CA 92118",32.68471106,-117.166032,1,"5:30am - 5:00pm, daily",1,0,1,1,1,,City of Coronado,1,,,,,,,,,,,,,,,,,,,,,,,,,
c1020ca4-64e8-4cd2-a921-91b2cbaacea1,Coronado Tidelands Park,"2000 Mullinex Dr, Coronado, CA 92118",32.69148767,-117.1650511,1,"6:00am - 10:30pm, daily",1,0,0,1,0,,City of Coronado,1,,,,,,,,,,,,,,,,,,,,,,,,,
59f84f11-c11d-4b19-ab01-88814f373ce8,Torrey Pines State Reserve,"12600 N Torrey Pines Rd, La Jolla, CA 92037",32.92700153,-117.2592838,1,"7:15am to Sunset, daily",1,1,0,1,0,2,City of San Diego & CA State,3,50:21.9,,2,,,,,,,,,,,,,,,,,,,,,,
6e1f6ce1-148e-41f6-bbbb-e68e264b85ce,San Elijo Lagoon Nature Center,"2710 Manchester Ave, Cardiff, CA 92007",33.01335689,-117.2742534,1,"9:00am - 5:00pm, daily",1,1,1,1,0,,San Diego County,1,,,,,,,,,,,,,,,,,,,,,,,,,
365e9ae9-702b-43be-8d34-273439eb9172,Mast Park Dog Park,"9125 Carlton Hills Blvd, Santee, CA 92071",32.8458428,-116.9925787,1,"Dawn to 10:00pm, daily",1,1,1,1,0,2,City of Santee,1,10/23/22 15:44,,1,,,,,,,,,,,,,,,,,,,,,,
1772f79d-30e1-442c-9574-754f6a0dee04,La Mesa Branch Library,"8074 Allison Ave, La Mesa, CA 91942",32.76620773,-117.0233086,1,"Mon & Thurs 10:00am - 6:00pm, Tues - Wed 12:00pm - 7:00pm, Fri - Sun 10:00am - 5:00pm",1,0,1,1,0,1,San Diego County,1,6/22/22 16:44,1,,,,,,,,,,,,,,,,,,,,,,,
a84fb165-8727-41c4-85ba-e145ec2dbd1f,Santee Public Library,"9225 Carlton Hills Blvd, Unit 17, Santee, CA 92071",32.84458665,-116.9968569,1,"Mon, Wed, Thurs 10:00am - 6:00pm, Tues 12:00pm - 7:00pm, Fri - Sat 10:00am - 5:00pm, Sun closed",1,1,1,1,2,1,San Diego County,1,6/26/24 21:53,1,,,,,,,,,,,,,,,,,,,,,,,
d843143f-77a1-47bc-a757-64e99cabcffe,Coronado Public Library,"640 Orange Ave, Coronado, CA 92118",32.6910465,-117.1774205,1,"Sun 1:00pm - 5:00pm, Mon - Thurs 9:30am - 9:00pm, Fri 9:30am - 6:00pm, Sat 10:00am - 6:00pm",1,0,1,1,0,,City of Coronado,1,,,,,,,,,,,,,,,,,,,,,,,,,
2f6e09f9-e9eb-4204-b78c-c378cd14d03f,Kensington-Normal Heights Branch Library,"4121 Adams Ave, San Diego, CA 92116",32.76303396,-117.1068254,1,"Sun Closed, Mon - Tues 11:30am - 8:00pm, Wed - Sat 9:30am - 6:00pm",1,1,1,1,0,1,City of San Diego,1,,1,,,,,,,,,,,,,,,,,,,,,,,
96175d03-51dc-4b7a-bf6e-bfbb9a3ed110,Pacific Beach Drive,"Pacific Beach Dr at Strandway, San Diego, CA 92109",32.79076438,-117.2544261,1,24/7,1,0,0,0,0,2,City of San Diego,1,6/24/22 16:59,,2,,,,,,,,,,,,,,,,,,,,,,
2397d09a-3ef7-4575-adbd-b7dd47ba784c,Spreckels Park,"601 Orange Ave, Coronado, CA 92118",32.69119134,-117.1761637,1,24/7,1,1,1,,0,,City of Coronado,1,,,,,,,,,,,,,,,,,,,,,,,,,
b55770d6-0be8-4723-b046-8124f3ec054f,Pacific Beach Tourmaline Surf Park,"304 Tourmaline St, San Diego, CA 92109",32.80512796,-117.2619928,1,24/7,1,0,0,0,0,2,City of San Diego,1,6/24/22 16:25,,2,,,,,,,,,,,,,,,,,,,,,,
ec61b3e0-6896-44d4-9a72-be5404d3d540,Embarcadero Marina South Park,"200 Marina Park Way, San Diego, CA 92101",32.70344077,-117.1644398,1,"6:00am - 10:30pm, daily",1,0,0,1,0,2,Port of San Diego,1,7/19/22 18:38,,1,,,,,,,,,,,,,,,,,,,,,,
f6ef00b4-3599-4329-8cc8-32699678c8f0,Ruocco Park,"585 Harbor Ln, San Diego, CA 92132",32.71071794,-117.1717792,1,"6:00am - 10:30pm, daily",1,0,0,0,0,2,Port of San Diego,1,2026-04-19 11:09,,1,,,,,No bathroom stall doors,2026-04-19T18:10:20.932Z,f6ef00b4-3599-4329-8cc8-32699678c8f0,update,Ariana,2026-04-19 11:09,Ruocco Park,Yes,Accessed from outside the building,Somewhat visible,No,Yes,Yes,No,,,,TRUE
42f62bdf-00ca-4014-9d2a-9feb38e64b7c,Palm Ridge Park,"751 Firethorn St, San Diego, CA 92154",32.58286093,-117.04001,1,24/7,1,0,0,,0,2,City of San Diego,1,,,1,,,,,,,,,,,,,,,,,,,,,,
53c64637-9d4d-4c2a-b49a-4b27024eed49,Ocean Beach Athletic Area,"2525 Bacon St, San Diego, CA 92107",32.75422315,-117.2413978,1,Mon - Thurs 11:00am - 8:00pm; Fri 11:00am - 7:00pm; Sat - Sun 8:00am - 4:00pm,1,0,0,1,0,2,City of San Diego,1,7/14/23 15:29,,1,,,,,,,,,,,,,,,,,,,,,,
35c1b13a-14b5-479a-8973-32e9fe9c5299,Chicano Park,"Between National and Logan, San Diego, CA 92113",32.69917387,-117.1423644,1,6:00am - 10:00pm - Google Maps,1,1,1,1,0,2,City of San Diego,1,8/3/22 16:30,,1,,,,,,,,,,,,,,,,,,,,,,
f3d92984-3cd8-49d4-adc1-91e630671a5c,Montgomery-Waller Community Park,"2997-3037, Palm Ave, San Diego, CA 92154",32.58259002,-117.0678763,1,24/7,1,1,0,,0,2,City of San Diego,1,,,1,,,,,,,,,,,,,,,,,,,,,,
2d6d0681-25a6-41f1-bbc6-e95c29bc79c7,Gaslamp Square Park,"170 6th Ave, San Diego, CA 92101",32.70711347,-117.1594935,1,6:00am - 8:30pm,1,1,0,1,0,3,City of San Diego,1,8/19/22 19:11,,,2,,,,,,,,,,,,,,,,,,,,,
63a68045-7a67-4896-825c-ac2775fb7778,North Beach,"300 Ocean Blvd, Coronado, CA 92118",32.68703747,-117.1910811,1,"7:00am - 10:00pm, daily",1,1,1,,0,,City of Coronado,1,,,,,,,,,,,,,,,,,,,,,,,,,
40daa1b4-9ce5-42b8-8c10-070b259ffc8f,Wells Park,"1153 E Madison Ave, El Cajon, CA 92021",32.79924875,-116.9424619,1,"7:00am - 7:00pm, daily",0,1,0,,0,2,City of El Cajon,1,,,1,,,,,,,,,,,,,,,,,,,,,,
a0ae8dd8-ef72-4117-8cfd-2163294397a4,Keiller Neighborhood Park,"720 Woodrow Ave, San Diego, CA 92114",32.71237518,-117.0414159,1,"7:00am - 8:30pm, daily",1,1,1,,0,2,City of San Diego,1,,,1,,,,,,,,,,,,,,,,,,,,,,
ba11f036-6802-48ca-913e-a4398e3371a7,Otay Valley Regional Park Ranger Station,"2155 Beyer Blvd, San Diego, CA 92154",32.58792838,-117.0722208,1,8:00am - 5:00pm,1,1,0,,0,2,City of San Diego,1,,,3,,,,,,,,,,,,,,,,,,,,,,
0f15b884-611a-4a32-9d3f-db181fe35c80,Mast Park Parking Lot,"9125 Carlton Hills Blvd, Santee, CA 92071",32.84505185,-116.9961568,1,"Dawn to 10:00pm, daily",1,1,1,1,0,2,City of Santee,1,6/23/22 16:02,,1,,,,,,,,,,,,,,,,,,,,,,
3612d9f3-9153-4b17-a7d3-ba611686c715,Bayfront Park,"1 Park Blvd, San Diego, CA 92101",32.70460796,-117.1612891,1,"6:00am - 10:30pm, daily",1,0,0,1,0,2,Port of San Diego,1,11/18/22 15:22,,1,,,,,,,,,,,,,,,,,,,,,,
091122bd-8b89-4661-b9d9-841c22f27b16,Encanto Recreation Center,"294 Wunderlin Ave, San Diego, CA 92114",32.71470166,-117.0578066,1,"Mon & Wed 11:00am - 10:00pm; Tues & Thurs 11:00am - 7:00pm; 12:00pm - 8:00pm, Fri 11:00am - 8:00pm; Sat 9:00am - 3:00pm; Sun Closed",1,0,1,,0,1,City of San Diego,1,,2,,,,,,,,,,,,,,,,,,,,,,,
02356483-4fc5-4389-a530-3cff8f6c7328,Vista Terrace Pool,"301 Athey Ave, San Diego, CA 92173",32.5651273,-117.0514815,0,"Mon - Fri 3:00pm - 7:00pm, Sat - Sun Closed",0,0,0,,0,1,City of San Diego,1,,3,,,,,,,,,,,,,,,,,,,,,,,
e44e17d8-3259-421e-b578-e115b8f0959b,San Diego Central Library,"330 Park Blvd, San Diego, CA 92101",32.70878301,-117.1540875,1,"Sun Closed, Mon - Tues 11:30am - 8:00pm, Wed - Sat 9:30am - 6:00pm",1,1,1,,0,1,City of San Diego,1,,1,,,,,,,,,,,,,,,,,,,,,,,
7a774da9-bb4c-4788-aba6-f84a42602490,Pacific Beach/Taylor Branch Library,"4275 Cass St, San Diego, CA 92109",32.79409747,-117.2500132,1,Sat - Sun Closed; Mon - Tues 11:30am - 8:00pm; Wed - Fri 9:30am - 6:00pm,1,0,1,1,2,1,City of San Diego,1,6/24/22 17:04,1,,,,,,,,,,,,,,,,,,,,,,,
4bca16c3-52ed-4c9c-a284-4b4635f3a85b,Otay Mesa-Nestor Library,"3003 Coronado Ave, San Diego, CA 92154",32.5766175,-117.0679143,1,"Sun Closed, Mon - Tues 11:30am - 8:00pm, Wed - Sat 9:30am - 6:00pm",1,0,1,,0,1,City of San Diego,1,,1,,,,,,,,,,,,,,,,,,,,,,,
6ea962f3-f749-4ab7-915f-db2ea040940e,Santee Lakes (between lakes 3 & 4),"9310 Fanita Pkwy, Santee, CA 92071",32.85372289,-117.0058043,1,"Seasonal Park Hours (Nov 7-Through Feb) Mon - Thurs 8:00am - 5:00pm, Fri - Sun 6:00am - 5:00pm. (March 13-Sep) Mon - Thurs 8:00am - 7:00pm, Fri - Sun 6:00am - 7:00pm, (Oct) Mon - Thurs 8:00am - 6:00pm, Fri - Sun 6:00am - 6:00pm",1,0,0,,0,2,Padre Dam,1,,,1,,,,,,,,,,,,,,,,,,,,,,
0d685709-9f6d-4c8b-9646-24be0198379d,Santee Lakes (between Lakes 5 & 6),"9310 Fanita Pkwy, Santee, CA 92071",32.86045965,-117.0077583,1,"Seasonal Park Hours (Nov 7-Through Feb) Mon - Thurs 8:00am - 5:00pm, Fri - Sun 6:00am - 5:00pm. (March 13-Sep) Mon - Thurs 8:00am - 7:00pm, Fri - Sun 6:00am - 7:00pm, (Oct) Mon - Thurs 8:00am - 6:00pm, Fri - Sun 6:00am - 6:00pm",1,0,0,,0,2,Padre Dam,1,,,1,,,,,,,,,,,,,,,,,,,,,,
ee80fac7-616b-4d15-a423-241a670dad33,Santee Lakes (Lake 4),"9310 Fanita Pkwy, Santee, CA 92071",32.85680764,-117.0061975,1,"Seasonal Park Hours (Nov 7-Through Feb) Mon - Thurs 8:00am - 5:00pm, Fri - Sun 6:00am - 5:00pm. (March 13-Sep) Mon - Thurs 8:00am - 7:00pm, Fri - Sun 6:00am - 7:00pm, (Oct) Mon - Thurs 8:00am - 6:00pm, Fri - Sun 6:00am - 6:00pm",1,0,0,,0,2,Padre Dam,1,,,1,,,,,,,,,,,,,,,,,,,,,,
434f6bdd-f210-4f3d-8851-3058457c28bf,Imperial Beach Fishing Pier,"790 Seacoast Dr, Imperial Beach, CA 91932",32.5796089,-117.1358607,1,"6:00am - 10:00pm, daily",1,0,0,,0,2,Port of San Diego,1,,,2,,,,,,,,,,,,,,,,,,,,,,
6a973bf9-d092-4538-ba60-4ff659d0a4f7,Hilton Parking,"1 Park Blvd, San Diego, CA 92101",32.70373156,-117.158946,0,Closed to public; employee access only,0,0,0,0,0,5,Hilton & Port of San Diego,1,2026-04-19 11:22,,,,2,,,"Closed entirely to public, employees only",2026-04-19T18:23:20.014Z,6a973bf9-d092-4538-ba60-4ff659d0a4f7,update,Brandon Le,2026-04-19 11:22,Hilton Parking,Permanently closed,Employee Access Only,Somewhat visible,No,No,No,Yes,Permanently closed,,Looks maintained,TRUE
f25c28ca-a46e-487c-af22-ea74adc99c93,Spring Valley County Park,"8735 Jamacha Blvd, Spring Valley, CA 91977",32.70700282,-117.0075654,1,"Sunrise to Sunset, daily",2,1,0,1,0,,San Diego County,1,,,,,,,,,,,,,,,,,,,,,,,,,
1adc0864-2373-4d5c-a0db-d349f7af7ccc,Broadway Landing,"990 N Harbor Dr, San Diego, CA 92132",32.71663611,-117.1732348,1,"Mon - Fri 8:00am - 8:00pm, Sat - Sun 8:00am - 11:00pm",1,0,1,1,0,2,Port of San Diego,1,11/14/22 19:24,,1,,,,,,,,,,,,,,,,,,,,,,
9cd1d4cb-ac9a-4279-a09b-864ea576a740,Imperial Beach Senior Center,"1075 8th St, Imperial Beach, CA 91932",32.57734495,-117.1163391,1,"Mon & Wed 8:00am - 12:00pm, Tues & Thurs 9:00am - 12:00pm; Fri 8:00am - 2:00pm",1,0,0,1,0,2,City of Imperial Beach,1,,,1,,,,,,,,,,,,,,,,,,,,,,
5349c2dd-4043-4e5e-bf86-c6959ca087d8,Seaport Village West,"855 W Harbor Drive, San Diego, CA 92101",32.70922105,-117.1708795,1,"10:00am - 9:00pm, daily",1,0,1,1,1,5,Port of San Diego,1,,,,,1,,,,,,,,,,,,,,,,,,,,
97a08ced-5689-4f2f-9749-03007d8ce17c,Center Beach,"100 Ocean Blvd, Coronado, CA 92118",32.68364522,-117.1839882,1,Unknown,2,0,0,0,0,2,City of Coronado,1,4/15/22 17:00,,2,,,,,,,,,,,,,,,,,,,,,,
f8f78a9c-a8f3-4324-878b-85256850cc17,Portwood Pier Plaza,"790 Seacoast Drive, Imperial Beach, CA 91932",32.58192464,-117.1321591,1,6:00am - 10:30pm,1,0,0,,0,2,Port of San Diego,1,,,2,,,,,,,,,,,,,,,,,,,,,,
1c1bbf6d-8b19-4ba4-ba0c-fa1ef9d76be0,Dunes Park,"790 Seacoast Dr, Imperial Beach, CA 91932",32.58190825,-117.1321265,1,"7:00am to Sunset, daily",1,0,0,,0,2,Port of San Diego,1,,,1,,,,,,,,,,,,,,,,,,,,,,
d2740aad-3606-4a5e-ba75-03bf390b17fc,Northmont Park,"6058 Severin Dr, La Mesa, CA 91942",32.78857778,-116.9996556,1,"6:00am - 10:00pm, daily",0,0,0,1,0,2,City of La Mesa,3,8/23/22 18:32,,1,,,,,,,,,,,,,,,,,,,,,,
f65e0e4f-1e99-4932-8591-97d6e9fb1a8b,Renette Recreation Center,"935 Emerald Ave, El Cajon, CA 92020",32.78314652,-116.9684356,1,"Mon - Fri 2:00pm - 9:30pm, Sat 12:00pm - 4:00pm, Sun Closed",1,0,1,,0,1,City of El Cajon,1,,2,,,,,,,,,,,,,,,,,,,,,,,
44d71213-836b-4b55-988c-336ddace3f47,Silver Wing Recreation Center,"3737 Arey Dr, San Diego, CA 92154",32.5778324,-117.0534213,1,Mon - Fri 12:00pm - 7:00pm; Sat 9:00am - 5:00pm; Sun Closed,1,0,0,,0,1,City of San Diego,1,,2,,,,,,,,,,,,,,,,,,,,,,,
0a9951e4-fa1c-4bd7-92b2-61f8e59358ab,East Mission Bay,"2195 E Mission Bay Dr, San Diego, CA 92109",32.78452505,-117.2089234,1,24/7,1,0,0,0,0,2,City of San Diego,1,6/19/22 18:20,,2,,,,,,,,,,,,,,,,,,,,,,
06428e1e-8201-4d6b-bf31-75148996f008,Runner's Bathroom Mission Bay Park,"2600 E Mission Bay Dr., San Diego, CA 92109",32.78847346,-117.2089512,1,24/7,0,0,0,0,0,2,City of San Diego,1,,,1,,,,,,,,,,,,,,,,,,,,,,
9dbd0cc7-8f23-4eb3-90c3-4859a7b59a03,Harry Griffen Park,"9550 Milden St, La Mesa, CA 91942",32.78443056,-116.9875667,1,"7:00am - 5:00pm, daily",1,0,0,1,0,2,City of La Mesa,1,5/22/22 14:21,,1,,,,,,,,,,,,,,,,,,,,,,
0c600e96-cb3d-4dd4-b024-cb1a9fb5eda2,Carlton Oaks Golf Club,"9200 Inwood Dr, Santee, CA 92071",32.84218464,-117.0097499,1,Mon - Thurs 10:00am - 7:00pm; Fri 9:00am - 8:30pm; Sat - 6:30am - 8:30pm; Sun  8:00am - 7:00pm,1,0,0,1,0,2,Carlton Oaks Golf Club,1,6/29/22 18:45,,5,,,,,,,,,,,,,,,,,,,,,,
63b156a7-32e9-41b7-b308-e677ae02c61e,Fanuel Street Park,"9950 Fanuel St, San Diego, CA 92109",32.79177497,-117.2444563,1,24/7,1,1,0,0,0,2,City of San Diego,1,5/19/22 18:56,,2,,,,,,,,,,,,,,,,,,,,,,
d7a2f40c-5d05-4f43-a81a-93079451c4f7,Crown Point Park North,"3700 Crown Point Dr, San Diego, CA 92109",32.78750842,-117.2326381,1,24/7,1,1,0,1,0,2,City of San Diego,1,5/19/22 15:55,,1,,,,,,,,,,,,,,,,,,,,,,
b2cc9a5e-e01f-411e-a13b-c13f8aae8563,Mission Bay Playground,"3115 Sunset Cliffs Blvd, San Diego, CA 92109",32.77191684,-117.2092593,1,24/7,1,0,0,,0,2,City of San Diego,1,,,1,,,,,,,,,,,,,,,,,,,,,,
71bf60fb-291d-4624-a67a-2efd49fd582e,Santee Town Center Community Park East,"550 Park Center Dr, Santee, CA 92071",32.84914842,-116.9793729,1,6:00am - 10:00pm daily,1,0,0,,0,2,City of Santee,1,,,1,,,,,,,,,,,,,,,,,,,,,,
8d73d1ce-ac09-4807-b76f-85404c675bac,Santee Town Center Community Park West,"9409 Cuyamaca St, Santee, CA 92071",32.84933503,-116.982622,1,6:00am - 10:00pm daily,1,0,0,,0,2,City of Santee,1,,,1,,,,,,,,,,,,,,,,,,,,,,
14ca7e01-08f0-4b5e-83c5-a934689be5e2,MacKenzie Creek Park,"2775 MacKenzie Creek Rd, Chula Vista, CA 91914",32.65957983,-116.9690492,1,"7:00am - 10:00pm, daily",0,0,0,1,0,2,City of Chula Vista,1,5/23/22 15:30,,1,,,,,,,,,,,,,,,,,,,,,,
029b1387-8747-47c6-8baf-0d894e11bebf,Portland Loo (Park & Market),"Park Blvd & Market St, San Diego, CA 92101",32.71178366,-117.1539283,1,6am-10pm,1,1,0,1,0,3,City of San Diego and Park & Market Condominium Master Association,1,8/24/22 17:16,,,1,,,,,,,,,,,,,,,,,,,,,
a2f309e0-2a3b-4270-925c-05632385ed0c,Pacific Beach Diamond Street,"600 Diamond St, San Diego, CA 92109",32.79903114,-117.2578749,1,24/7,1,0,0,0,0,2,City of San Diego,1,6/24/22 16:42,,2,,,,,,,,,,,,,,,,,,,,,,
d480d056-bfca-48a7-8ee0-e6a6113c71b3,Coronado Ferry Landing near Holland's Bikes,"1201 1st St # 101, Coronado, CA 92118",32.69861228,-117.1701677,1,"10:00am - 9:00pm, daily",1,0,1,1,1,,City of Coronado,1,,,,,,,,,,,,,,,,,,,,,,,,,
39210eab-7689-4e12-87e3-7b5c05542246,Pepper Park,"3299 Tidelands Ave., National City, CA 91950",32.64980425,-117.1114093,1,"6:00am - 10:30pm, daily",1,0,1,1,0,2,Port of San Diego,1,,,1,,,,,,,,,,,,,,,,,,,,,,
4211ec55-b715-4c01-a1d7-f541886aa90b,Eucalyptus County Park,"9125 Edgewood Drive, La Mesa, CA 91941",32.75990035,-117.0010787,1,"6:00am - 7:00pm, daily",1,0,0,1,0,2,San Diego County,3,7/19/22 18:48,,1,,,,,,,,,,,,,,,,,,,,,,
816cce68-7fe6-465c-b733-5e62b6b7c46e,Eucalyptus Park,"436 C St, Chula Vista, CA 91910",32.6495647,-117.0890651,1,"6:00am - 9:00pm, daily",1,0,0,1,0,2,City of Chula Vista,1,7/19/22 18:53,,1,,,,,,,,,,,,,,,,,,,,,,
d327dca2-fb91-4c06-97ca-e757b1d68027,Kimball Park (1),"49 E 16th Street, National City, CA 91950",32.67179367,-117.1043141,1,"Dawn to Sunset, daily",1,0,0,1,0,2,City of National City,1,7/22/22 16:25,,1,,,,,,,,,,,,,,,,,,,,,,
1128ef11-30eb-4266-bdc0-38c01d36c3b8,Las Palmas Park (1),1800 E 22nd St. National City Ca 91950,32.66930663,-117.0829902,1,"6:30am - 4:00pm, daily",1,0,0,1,0,2,City of National City,1,7/22/22 17:08,,1,,,,,,,,,,,,,,,,,,,,,,
ef9626d0-7869-4807-aebc-a4b276b5091e,Santee Lakes (Tin Fish),"9310 Fanita Pkwy, Santee, CA 92071",32.85828183,-117.0064526,1,"Seasonal Park Hours (Nov 7-Through Feb) Mon - Thurs 8:00am - 5:00pm, Fri - Sun 6:00am - 5:00pm. (March 13-Sep) Mon - Thurs 8:00am - 7:00pm, Fri - Sun 6:00am - 7:00pm, (Oct) Mon - Thurs 8:00am - 6:00pm, Fri - Sun 6:00am - 6:00pm",0,1,1,,0,2,Padre Dam,1,,,1,,,,,,,,,,,,,,,,,,,,,,
082d5607-8a82-4a01-a51a-b3471b3cf772,Santee Lakes Guardhouse,"9310 Fanita Pkwy, Santee, CA 92071",32.84893645,-117.0049069,1,"Seasonal Park Hours (Nov 7-Through Feb) Mon - Thurs 8:00am - 5:00pm, Fri - Sun 6:00am - 5:00pm. (March 13-Sep) Mon - Thurs 8:00am - 7:00pm, Fri - Sun 6:00am - 7:00pm, (Oct) Mon - Thurs 8:00am - 6:00pm, Fri - Sun 6:00am - 6:00pm",1,0,0,,0,2,Padre Dam,1,,,1,,,,,,,,,,,,,,,,,,,,,,
9c257025-2e1f-45c4-9c4a-d04378c4ac85,Sweetwater Summit Regional Park Playground,"3218 Summit Meadow Rd, Bonita, CA 91902",32.68308699,-117.0007333,1,"9:30am to Sunset, daily",1,0,0,1,0,2,San Diego County,2,,,1,,,,,,,,,,,,,,,,,,,,,,
0aeff37f-a90c-4de8-89de-d73e7c6e0b34,Fault Line Park,"1443 Island Ave, San Diego, CA 92101",32.71034376,-117.1515895,1,"6:00am - 12:00am, daily",1,1,0,1,0,5,City of San Diego & Pinnacle International Development Inc,1,8/19/22 19:05,,,,2,,,,,,,,,,,,,,,,,,,,
e842f468-45bc-45ca-8992-ce343afc72d2,Verna Quinn Athletic Field,"6508 Wunderlin Ave, San Diego, CA 92114",32.71617084,-117.0565126,0,24/7,2,2,2,,3,2,City of San Diego,2,,,1,,,,,,,,,,,,,,,,,,,,,,
df3c48c8-b61b-4cbd-ab7a-9769f9f11924,Tuttle Park,"379 W Chase Ave, El Cajon, CA 92020",32.77966415,-116.9657272,0,7:00am - 9:00pm (Only open during baseball games),2,2,2,,3,2,City of El Cajon,2,,,1,,,,,,,,,,,,,,,,,,,,,,
68a41e78-ba5c-4419-b30c-aaf86e59ca49,Marie Widman Memorial Park,"6727 Imperial Ave., San Diego, CA  92114",32.710433,-117.053499,0,24/7,0,2,2,,3,2,City of San Diego,2,,,1,,,,,,,,,,,,,,,,,,,,,,
e31fd9cd-3ef3-4ad7-a926-4ba0035455f2,Mariner's Point,"3119 Mariners Way, San Diego, CA 92109",32.76913233,-117.2457835,1,24/7,1,0,0,0,0,2,City of San Diego,1,6/23/22 15:35,,1,,,,,,,,,,,,,,,,,,,,,,
b1db6560-f6d3-444d-abf9-39910b314764,Waterfront Park Marriage Hut,"1600 Pacific Hwy, San Diego, CA 92101",32.72242984,-117.1722806,1,6:00am - 10:00pm daily,1,1,1,0,0,2,San Diego County,1,,,1,,,,,,,,,,,,,,,,,,,,,,
06fa243f-31be-492c-8a5b-da8c7360e72f,College-Rolando Branch Library,"6600 Montezuma Rd, San Diego, CA 92115",32.76920819,-117.055994,1,Sat - Sun closed; Mon - Tues 11:30am - 8:00pm; Wed - Fri 9:30am - 6:00pm,1,0,1,1,0,1,City of San Diego,1,40:59.0,1,,,,,,,,,,,,,,,,,,,,,,,
0578170b-378b-414a-b707-eef42ebe55f9,Casa de Salud Youth Center,"1408 Harding Ave, National City, CA 91950",32.66924114,-117.1092183,0,Mon - Wed 3:00pm - 7:00pm,2,2,2,1,3,1,City of National City,3,7/20/22 21:48,5,,,,,,,,,,,,,,,,,,,,,,,
dfe219b4-6b36-4414-a5a7-362d9c18c862,Chollas Lake,"6350 College Grove Dr, San Diego, CA 92115",32.73836217,-117.0608966,1,"6:30am to 30 minutes before sunset, daily (gate closes 7:00pm on Tues)",1,1,0,1,0,2,City of San Diego,1,4/25/22 0:07,,1,,,,,,,,,,,,,,,,,,,,,,
97fbf9a4-1774-4e97-971f-f6fef6244e6c,San Carlos Branch Library,"7265 Jackson Dr, San Diego, CA 92119",32.80205299,-117.0405983,1,Sun Closed; Mon - Tues 11:30am - 8:00pm; Wed - Sat 9:30am - 6:00pm,1,0,1,1,0,1,City of San Diego,3,,1,,,,,,,,,,,,,,,,,,,,,,,
552846f5-54de-4bc9-8a1f-2f4143182d1f,Clairemont Branch Library,"2920 Burgener Blvd, San Diego, CA 92110",32.79355112,-117.1939173,1,Sun Closed; Mon - Tues 11:30am - 8:00pm; Wed - Sat 9:30am - 6:00pm,1,0,1,1,0,1,City of San Diego,3,,1,,,,,,,,,,,,,,,,,,,,,,,
78190c2e-c110-4cbb-9a77-96c96b30e44c,Garage Buona Forchetta,"1000 C Ave, Coronado, CA 92118",32.6852831,-117.1790207,1,"Sun - Thurs 8:00am - 9:00pm, Fri - Sat 8:00am - 10:00pm",1,0,1,1,0,,City of Coronado & Buena Forchetta SD,3,,,,,,,,,,,,,,,,,,,,,,,,,
83d36f29-e7d6-4fba-b506-6f29e1baa25e,Templars Hall,"14134 Midland Rd, Poway, CA 92064",32.97028879,-117.0368728,1,"Weekends and Special Events. Otherwise, go to the facility behind the Hamburger Factory @ 14122 Midland Rd, Poway, CA 92064",1,1,0,1,0,2,City of Poway,3,,,,,,,,,,,,,,,,,,,,,,,,,
32c2dd48-475f-4b55-aea9-93aec120d923,Mission Bay Park (De Anza Boat Launch),"3500 Mission Bay Dr, San Diego, CA 92109",32.79238031,-117.2093214,1,24/7,1,0,0,0,0,2,City of San Diego,1,3/5/22 17:18,,2,,,,,,,,,,,,,,,,,,,,,,
1b0a8b85-3789-4202-a7e1-3cacdf1706e7,Memorial Park,"2947 Ocean View Blvd., San Diego, CA  92113",32.70018656,-117.1305776,1,7:00am - 7:00pm,1,1,0,1,0,2,City of San Diego,1,8/23/22 16:07,,1,,,,,,,,,,,,,,,,,,,,,,
988b0577-97b4-43f0-8056-439dc60ece06,Crescent Area Embarcadero,"2320 N Harbor Dr, San Diego, CA 92101",32.72698487,-117.175781,1,"6:00am - 10:30pm, daily",1,0,0,1,0,2,Port of San Diego,1,8/19/22 15:49,,1,,,,,,,,,,,,,,,,,,,,,,
385737d5-d837-4d98-a14e-61b4d117439f,Mountain View Community Center,"641 S Boundary St, San Diego, CA 92113",32.69941667,-117.1058139,1,Mon - Thurs 12:00pm - 9:00pm; Fri 12:00pm - 8:00pm; Sat - Sun 9:00am - 5:00pm,1,0,1,,1,1,City of San Diego,3,,5,,,,,,,,,,,,,,,,,,,,,,,
3a7c2dae-b041-4104-884e-24d5c54a1af4,Oak Park Branch Library,"2802 54th St, San Diego, CA 92105",32.73498264,-117.0800792,1,Sat - Sun closed; Mon - Tues 11:30am - 8:00pm; Wed - Fri 9:30am - 6:00pm,1,2,1,,0,1,City of San Diego,3,,1,,,,,,,,,,,,,,,,,,,,,,,
1c0f2c76-74e8-401b-b38f-212c3dd64e9b,Mission Hills-Hillcrest/Knox Branch Library,"215 W Washington St, San Diego, CA 92103",32.74970418,-117.1652115,1,Mon - Tues 11:30am - 8:00pm; Wed - Fri 9:30am - 6:00pm; Sat - Sun Closed,1,1,1,,1,1,City of San Diego,3,,1,,,,,,,,,,,,,,,,,,,,,,,
502499ad-f3dd-4fec-8e2a-c58c0c788d0a,Mission Valley Branch Library,"2123 Fenton Pkwy, San Diego, CA 92108",32.77928543,-117.1269037,1,Sun Closed; Mon - Tues 11:30am - 8:00pm; Wed - Sat 9:30am - 6:00pm,1,0,1,,2,1,City of San Diego,3,,1,,,,,,,,,,,,,,,,,,,,,,,
fa112614-e4ab-4a01-9b47-957376da4d41,Tierrasanta Branch Library,"4985 La Cuenta Dr, San Diego, CA 92124",32.82094812,-117.0981003,1,Sun Closed; Mon - Tues 11:30am - 8:00pm; Wed - Sat 9:30am - 6:00pm,1,0,1,,0,,City of San Diego,3,,,,,,,,,,,,,,,,,,,,,,,,,
04c0b3f3-68f7-4ef9-bc6f-852ee6adcf1b,Aubrey Park,"14306 Sycamore Ave, Poway, CA 92064",32.97303697,-117.0377308,1,"Weekends and Special Events. Otherwise, go to the facility behind the Hamburger Factory @ 14122 Midland Rd, Poway, CA 92064",1,0,0,1,1,2,City of Poway,1,7/4/22 18:10,,1,,,,,,,,,,,,,,,,,,,,,,
3dd2e58d-c3f7-4469-beed-bbf2ef2ae0fa,Dixon Lake Parking,"3024 La Honda Dr, Escondido, CA 92027",33.16607613,-117.0516921,1,6:00a-7:30p,1,0,0,1,0,2,City of Escondido,3,9/19/22 16:20,,4,,,,,,,,,,,,,,,,,,,,,,
8de9c5fd-8f98-4433-81d3-72c4c734aac6,Balboa Park Visitor's Center,"1549 El Prado, San Diego, CA 92101",32.73120483,-117.149758,1,"9:30am - 4:30pm, daily",1,0,1,1,0,1,City of San Diego,1,2/18/22 16:52,7,,,,,,,,,,,,,,,,,,,,,,,
6aa14b44-be41-40cd-a53c-f63076b577c3,Dixon Lake Campground,"1700 La Honda Dr, Escondido, CA 92027",33.16018333,-117.048975,1,6:00a-7:30p,1,0,0,1,0,2,City of Escondido,3,9/19/22 16:14,,4,,,,,,,,,,,,,,,,,,,,,,
b7fb9a08-8db0-449b-8866-9412eebc978f,San Dieguito (Ball Fields),"1628 Lomas Santa Fe Dr, Del Mar, CA 92014",32.996973,-117.236829,1,"9:30am - 7:30pm, daily",1,1,0,,0,,San Diego County,3,,,,,,,,,,,,,,,,,,,,,,,,,
0a50d826-633f-4762-b0c2-28c3c368d09a,Dolores Magdaleno Memorial Recreation Center,"2902 Marcy Ave, San Diego, CA 92113",32.69834718,-117.1317591,1,"Mon, Tues, Thurs 12:00pm - 9:00pm; Wed 12:00pm - 10:00pm; Fri 11:00am - 7:00pm; Sat 9:00am - 5:00pm; Sun 10:00am - 4:00pm.",1,0,0,,0,1,City of San Diego,3,,2,,,,,,,,,,,,,,,,,,,,,,,
9dffe2f1-3e3a-4bef-bc9d-8c1a88901a3d,Glorietta Bay Park,"1975 Strand Way, Coronado, CA 92118",32.67531759,-117.1693303,1,24/7,1,0,0,1,0,2,City of Coronado,1,4/22/22 14:04,,1,,,,,,,,,,,,,,,,,,,,,,
07d6c57f-fcfb-46c2-a8e0-01454dc1870c,Liberty Station Basketball Court,"601 Farragut Rd, San Diego, CA 92106",32.73227778,-117.2146,1,Sunrise to Sunset,1,0,1,1,0,2,City of San Diego,1,4/23/22 14:36,,1,,,,,,,,,,,,,,,,,,,,,,
a2a477fc-235c-44b1-8a8d-6da6677e6784,Tuna Harbor Park,"740 N Harbor Dr, San Diego, CA 92101",32.71184058,-117.1750024,1,"9:00am to Sunset, daily",1,0,2,0,0,2,Port of San Diego,1,2026-04-19 10:57,,1,,,,,No showers and no stall doors on women restrooms,2026-04-19T17:59:05.014Z,a2a477fc-235c-44b1-8a8d-6da6677e6784,update,Ariana,2026-04-19 10:57,Tuna Harbor Park,Yes,Accessed from outside the building,Somewhat visible,No,Yes,No,No,,,,TRUE
252efd7d-3d91-4511-8950-dbe06a3eaef6,Washington Park,"501 N Rose St, Escondido, CA 92027",33.13594336,-117.0610786,1,"7:00am - 8:00pm, daily",1,1,1,,0,1,City of Escondido,3,,3,,,,,,,,,,,,,,,,,,,,,,,
8aa0353e-4e7e-4e08-a6a7-c34a17dcbf58,Bonita Cove,"3290 Mariners Way, San Diego, CA 92109",32.77066966,-117.248612,0,,1,1,1,0,0,2,City of San Diego,1,2/13/22 19:09,,2,,,,,,,,,,,,,,,,,,,,,,
f6390305-8fcb-4c06-aa66-4fbee5a5a7f9,Tierrasanta Community Park,"11220 Clairemont Mesa Blvd, San Diego, CA 92124",32.83005836,-117.0888912,1,24/7,1,0,1,1,0,,City of San Diego,3,,,,,,,,,,,,,,,,,,,,,,,,,
328927bd-29cb-4fd5-a656-9bbb5e1100f9,Ski Beach South,"1600 Vacation Rd, San Diego, CA 92109",32.7741,-117.233221,1,24/7,1,1,0,1,0,2,City of San Diego,1,2/11/22 18:34,,2,,,,,,,,,,,,,,,,,,,,,,
e8be85e5-93c0-4b90-9aca-1acb5a94fed3,Cabrillo Heights Park,"8308 Hurlbut St, San Diego, CA 92123",32.80527694,-117.1475371,1,24/7,1,0,0,1,0,2,City of San Diego,1,1/21/22 19:35,,1,,,,,,,,,,,,,,,,,,,,,,
fae01b3a-15e6-4ad9-b5d7-c5844705685d,Neil Good Day Center,"299 17th St, San Diego, CA 92101",32.7079613,-117.1482672,1,Mon - Fri 7:00am - 3:00pm,1,0,0,1,0,1,St. Vincent de Paul,1,,5,,,,,,,,,,,,,,,,,,,,,,,
f71b8149-371b-4f65-beed-9252a44c75dc,John F. Kennedy Park,"1675 E Madison Ave, El Cajon, CA 92019",32.79951536,-116.9200431,1,"7:00am - 7:00pm, daily",0,1,0,1,0,2,City of El Cajon,1,4/22/21 15:54,,1,,,,,,,,,,,,,,,,,,,,,,
0749006a-3b98-4d52-bf8f-6ece8344b115,Heritage Museum (Old Poway Park),"14114 Midland Rd, Poway, CA 92064",32.96969388,-117.0371269,1,"8:00am - 9:00pm, daily",1,0,0,1,0,2,City of Poway,1,1/22/22 15:26,,1,,,,,,,,,,,,,,,,,,,,,,
8956b54b-d40c-4353-9553-cb3d27ada5df,La Mesita Park,"8855 Dallas St, La Mesa, CA 91942",32.78942126,-117.0052123,1,"Dawn to Sunset, daily",1,0,0,1,0,2,City of La Mesa,3,,,1,,,,,,,,,,,,,,,,,,,,,,
9ba8ee20-4560-4520-8806-71ab801d2be0,Balboa Park 8th Avenue Chess Club,"1011 8th Ave, San Diego, CA 92101",32.72931704,-117.1575932,1,7:30am - 8:30pm,1,0,0,1,0,2,City of San Diego,1,2/18/22 19:24,,1,,,,,,,,,,,,,,,,,,,,,,
4ace8396-c8e3-4f1e-b324-3d184fe28c79,Otay Ranch Town Center,"2015 Birch Rd, Chula Vista, CA 91915",32.6243871,-116.9678433,1,"Mon - Thurs 10:00am - 7:00pm, Fri - Sat 10:00am - 5:00pm, Sun Closed",1,1,1,1,1,5,Brookfield Properties,3,8/24/22 16:15,,,,1,,,,,,,,,,,,,,,,,,,,
a90f85b1-11d4-428c-bdad-0d64f73dd303,El Toyon Park,2005 E 4th St. National City CA 91950,32.68675428,-117.0858318,1,24/7,1,1,0,1,0,2,City of National City,1,4/19/21 18:25,,1,,,,,,,,,,,,,,,,,,,,,,
78ea8e57-a6ff-4750-b26e-62c03dfee370,Kennedy Neighborhood Park,4825 Ocean View Blvd San Diego CA 92113,32.69997388,-117.0914177,1,24/7,0,0,0,1,0,2,City of San Diego,1,4/22/21 16:21,,1,,,,,,,,,,,,,,,,,,,,,,
32ea97b8-175e-492e-b3a0-2b54946ed969,De Anza Cove Park,"3000 N Mission Bay Dr, San Diego, CA 92109",32.79708435,-117.2139383,0,,1,0,0,0,0,2,City of San Diego,1,3/19/22 16:05,,2,,,,,,,,,,,,,,,,,,,,,,
73740506-e016-44e6-84dd-8155c7330dae,Lemon Grove Park,"2271 Washington St, Lemon Grove, CA 91945",32.72980556,-117.0228806,1,"5:00am - 10:00pm, daily",1,0,0,1,0,2,City of Lemon Grove,3,7/23/22 14:30,,1,,,,,,,,,,,,,,,,,,,,,,
ac21108d-8487-4987-acf4-608343549ad6,Bay Terraces Community Park,"7373 Tooma St., San Diego, CA  92139",32.680779,-117.0356121,1,not listed,0,0,0,1,0,2,City of San Diego,1,4/19/21 16:11,,1,,,,,,,,,,,,,,,,,,,,,,
ecf728aa-2ef3-4580-9724-c8e89b4b7f6a,Morley Field Sports Complex,"2221 Morley Field Dr, San Diego, CA 92104",32.73846015,-117.1384789,1,"Mon & Wed 3:00pm - 9:00pm, Tues, Thurs, & Fri 4:00pm - 8:00pm, Sat 9:00am - 5:00pm, Sun Closed",1,0,0,1,0,2,City of San Diego,1,4/23/22 18:14,,1,,,,,,,,,,,,,,,,,,,,,,
2d5e3b69-d42a-423b-9a37-dfeb4b8a924e,Morley Field Velodrome,"2516 Pershing Dr, San Diego, CA 92104",32.73686174,-117.1401287,1,"Mon & Wed 3:00pm - 9:00pm, Tues, Thurs, & Fri 4:00pm - 8:00pm, Sat 9:00am - 5:00pm, Sun Closed",0,0,0,1,0,2,City of San Diego,1,4/23/22 18:24,,1,,,,,,,,,,,,,,,,,,,,,,
cb0a6df0-78ce-445c-9e42-e5e874855aa8,Imperial Beach Branch Library,"810 Imperial Beach Blvd, Imperial Beach, CA 91932",32.57674498,-117.116247,1,"Sun Closed, Mon & Wed - Thurs 10:00am - 6:00pm, Tues 12:00pm - 7:00pm, Fri - Sat 10:00am - 5:00pm",1,0,1,1,2,1,San Diego County,1,7/22/22 14:42,1,,,,,,,,,,,,,,,,,,,,,,,
b1b0a6f7-f8fd-4b01-93bb-1293e91b09a4,Rancho Peñasquitos Branch Library,"13330 Salmon River Rd, San Diego, CA 92129",32.95803127,-117.1219623,1,Mon - Tues 11:30am-8:00pm; Wed - Sat 9:30am - 6:00pm; Sun Closed,1,0,1,,0,1,City of San Diego,3,,1,,,,,,,,,,,,,,,,,,,,,,,
950c3d3c-7d34-45c8-a9b6-28b9a5874f06,Chula Vista Heritage Park Recreation Center,"1381 E Palomar St, Chula Vista, CA 91913",32.62446179,-116.9977437,1,"Mon - Wed & Sat 8:00am - 7:00pm, Thurs 24 hours, Fri 8:00am - 9:00pm, Sun 1:55am - 7:00pm",1,1,0,1,0,2,City of Chula Vista,1,4/18/21 15:26,,1,,,,,,,,,,,,,,,,,,,,,,
10a7a595-1a51-4994-bbf2-ada07ba1a4de,Lemon Grove Branch Library,"7866 Lincoln St, Lemon Grove, CA 91945",32.73854824,-117.0292828,1,"Sun Closed, Mon & Wed - Thurs 10:00am - 6:00pm, Tues 12:00pm - 7:00pm, Fri - Sat 10:00am - 5:00pm",1,0,1,1,0,1,City of Lemon Grove,3,7/23/22 14:23,1,,,,,,,,,,,,,,,,,,,,,,,
ff047a82-695e-4939-acae-cde24dc25a16,Golden Hill Park,"2590-2596 Golden Hill Dr, San Diego, CA 92102",32.72047143,-117.1404708,1,Sun - Fri 7:00am - 6:30pm; Sat 7:00am - 6:00pm,0,0,0,1,0,2,City of San Diego,1,6/18/24 13:04,,1,,,,,,,,,,,,,,,,,,,,,,
998e0e59-30de-4c9b-94ad-a03022faeb19,Del Mar Powerhouse Community Center,"1658 Coast Blvd, Del Mar, CA 92014",32.96155775,-117.2679088,,"6:30am open, daily",,,,0,,,City of Del Mar,,7/4/23 16:15,,,,,,,,,,,,,,,,,,,,,,,,
00cc2b97-9ec6-4d72-bd0d-339915aa4579,Mission Point Park,"2600 Bayside Ln, San Diego, CA 92109",32.760271,-117.246726,1,24/7,1,0,0,0,0,2,City of San Diego,1,2/23/22 17:22,,2,,,,,,,,,,,,,,,,,,,,,,
4a133c80-6676-4611-85ab-cd5b0c022856,North Cove,"539 Hummingbird Ln, San Diego, CA 92109",32.77698548,-117.2367005,0,,,,,0,,,City of San Diego,,,,,,,,,,,,,,,,,,,,,,,,,,
e3641eac-0942-4802-9b15-26e3557f319b,Oceanside Strand Breakwater,"900 The Strand N, Oceanside, CA 92054",33.20027257,-117.389357,1,24/7,1,1,0,0,0,2,City of Oceanside,3,8/26/22 18:17,,2,,,,,,,,,,,,,,,,,,,,,,
c485e1b6-71e7-4c71-8fbc-9aabdc731a61,Oceanside Strand Sportfisher,"The Strand N, Oceanside, CA 92054",33.19597847,-117.3857355,1,24/7,1,1,0,0,0,2,City of Oceanside,3,8/24/22 14:50,,2,,,,,,,,,,,,,,,,,,,,,,
f06ca2e5-917f-4652-90a8-cc90ba4d0b0c,Pacific Beach Lifeguard Station,"4400 Ocean Front Walk, San Diego, CA 92109",32.79442258,-117.2558989,1,9am-10pm,1,1,0,0,0,2,City of San Diego,1,6/24/22 16:49,,2,,,,,,,,,,,,,,,,,,,,,,
a9ca434b-3004-4015-bb15-e5d1f1548f3c,South Mission Beach,"339 N Jetty Rd, San Diego, CA 92109",32.759911,-117.252858,,24/7,,,,0,,,City of San Diego,,,,,,,,,,,,,,,,,,,,,,,,,,
b0527a68-4ab1-44b9-b8c5-67b741e48e5c,Waterfront Park Playground,"1600 Pacific Hwy, San Diego, CA 92101",32.72100654,-117.1719028,1,6:00am - 10:00pm daily,1,1,1,0,0,2,San Diego County,1,,,1,,,,,,,,,,,,,,,,,,,,,,
6e188964-6ded-4ee4-aff7-6a94d50bc4b6,Civita Park Splashpad,"Russell Park Way & Civita Blvd, San Diego, CA 92108",32.77830161,-117.1474859,1,Sunrise to Sunset,1,1,1,0,0,2,City of San Diego,3,6/15/23 19:18,,1,,,,,,,,,,,,,,,,,,,,,,
1e19c189-98d8-4601-863e-f1971601eda0,Torrey Pines State Beach North Parking Lot,"13079 N Torrey Pines Rd, San Diego, CA 92121",32.93478887,-117.2600898,1,"7:15am to Sunset, daily",1,1,1,0,0,2,City of San Diego & CA State,3,32:03.8,,2,,,,,,,,,,,,,,,,,,,,,,
ed3cb7f2-0eac-4bfc-97d4-0f5214c4390d,Potrero County Park Campground,"24800 Potrero Park Dr, Potrero, CA 91963",32.61267589,-116.5929059,,"9:30am to Sunset, daily",,,,2,,,San Diego County,,,,,,,,,,,,,,,,,,,,,,,,,,
dc921d23-0406-44d2-9582-11903cf6a21a,Guajome Regional Campground,"3000 Guajome Lake Rd, Oceanside, CA 92057",33.24487263,-117.2731468,,"9:30am to Sunset, daily",,,,2,,,San Diego County,,,,,,,,,,,,,,,,,,,,,,,,,,
9770c2ad-cbf9-4d2b-a9d9-ab546bc7f216,Oceanside Pier Plaza,"195 N Pacific St, Oceanside, CA 92054",33.1936567,-117.3833128,1,"Dawn to Sunset, daily",1,1,1,0,0,2,City of Oceanside,3,8/24/22 14:42,,2,,,,,,,,,,,,,,,,,,,,,,
6ad07f60-186b-4904-843c-41b4906d849f,City College Campus Building A,"1313 Park Blvd, d105, San Diego, CA 92101",32.71897779,-117.1516167,1,"Mon - Thurs 8:00am - 4:30pm, Fri 8:00am - 1:00pm, Sat - Sun closed",1,1,1,1,2,6,San Diego City College,1,8/18/22 19:29,,,,,,College,,,,,,,,,,,,,,,,,,
317fd7ea-5905-4ae1-ae89-fea0d94192d4,Julian Visitor Center,"2129 Main St, Julian, CA 92036",33.07805996,-116.6025477,,"10:00am - 4:00pm, daily",,,,1,,,City of Julian,,,,,,,,,,,,,,,,,,,,,,,,,,
f0563736-91e3-49e7-9a01-adb2d714daeb,Old Town Robinson Rose House,"4098 Mason Street, San Diego, CA 92110",32.75479607,-117.1980125,1,10:00am to 6pm,1,0,0,1,0,5,City of San Diego & CA state parks,1,40:47.6,,,,,,,,,,,,,,,,,,,,,,,,
4233a68d-cc95-4676-8fd5-dd604867ce06,Fallbrook Branch Library,"124 S Mission Rd, Fallbrook, CA 92028",33.3814201,-117.2532178,,"Mon, Wed, Thurs 10:00am - 6:00pm, Tues 12:00pm - 7:00pm, Fri - Sat 10:00am - 5:00pm, Sun closed",,,,1,,,San Diego County,,,,,,,,,,,,,,,,,,,,,,,,,,
9b0e4fee-4350-48f2-9f41-89bf7723ba33,Santee Trolley Square,"9884 Mission Gorge Rd, Santee, CA 92071",32.84189367,-116.9804241,0,"10:00am - 9:00pm, daily",2,2,2,1,3,,Kimco Realty,2,,,,,,,,,,,,,,,,,,,,,,,,,
5c9a2959-c1d3-4c2b-b28f-89b390e54640,Casa de Reyes,"2754 Calhoun St, San Diego, CA 92110",32.75571643,-117.1971794,1,Mon - Thurs 11:00am - 9:00pm; Fri 11:00am - 10:00pm; Sat 10:00am - 10:00pm; Sun 10:00am - 9:00pm,1,0,1,1,0,2,"City of San Diego, CA state parks, & OLD TOWN FAMILY HOSPITALITY CORP",1,10/24/22 15:34,,1,,,,,,,,,,,,,,,,,,,,,,
a741d1a6-5b0b-461e-a19f-44784323efa9,Cowles Mountain,"7001 Golfcrest Dr, San Diego, CA 92119",32.80482069,-117.0373814,1,24/7,1,0,0,1,0,2,City of San Diego & Mission Trails Regional Park,3,57:06.6,,3,,,,,,,,,,,,,,,,,,,,,,
dbbfcd26-9b2a-45bb-8289-dcee3f3b1370,North Park Community Park,"4100 Idaho St, San Diego, CA 92104",32.75229193,-117.1345576,,24/7,,,,1,,,City of San Diego,,,,,,,,,,,,,,,,,,,,,,,,,,
636c37cd-5540-4664-85ab-acc9d6926f48,Oceanside Strand Wisconsin Ave,"740 S The Strand, Oceanside, CA 92054",33.18628322,-117.3769648,1,24/7,0,0,0,1,0,2,City of Oceanside,3,8/24/22 15:00,,2,,,,,,,,,,,,,,,,,,,,,,
f13ae10e-019d-4047-a261-54a0ecb55ca6,Pioneer Park,"1521 Washington Pl, San Diego, CA 92103",32.74948,-117.177106,1,6:00am to Dusk,1,0,0,1,0,2,City of San Diego,1,2/24/22 18:20,,1,,,,,,,,,,,,,,,,,,,,,,
b77f5fcc-dc95-420d-9fc1-1fdd40d10d0d,Dana Park,"1775 Chatsworth Blvd, San Diego, CA 92106",32.73240725,-117.2329093,,Joint Use Hours,,,,1,,,City of San Diego & San Diego Unified,,,,,,,,,,,,,,,,,,,,,,,,,,
67a29790-d133-4432-a652-41e4dfd4a84f,Hawk Pocket Park,"4920 Guymon St, San Diego, CA 92102",32.71155999,-117.0892097,1,24/7,1,1,0,1,0,2,City of San Diego,1,,,1,,,,,,,,,,,,,,,,,,,,,,
9cc4e2a1-bee8-465d-b4c5-882fd95fe0aa,Imperial Beach Veterans Park,"1075 8th St, Imperial Beach, CA 91932",32.5780075,-117.1156656,1,"5:00am - 10:00pm, daily",1,0,0,1,0,2,City of Imperial Beach,1,7/22/22 15:41,,1,,,,,,,,,,,,,,,,,,,,,,
9437bf1d-f17c-456a-b353-20ea72cd16d2,Oceanside Harbor (Harbor Drive),"320 Harbor Dr, Oceanside, CA 92054",33.20512284,-117.3890164,1,"5:00am - 11:30pm, daily",1,0,1,1,0,2,City of Oceanside,3,9/24/22 14:21,,1,,,,,,,,,,,,,,,,,,,,,,
87bfe202-f50c-4593-880c-ebb17b700062,Kearny Mesa Dog Park,"3008 Armstrong St, San Diego, CA 92111",32.79991021,-117.1686912,,24/7,,,,1,,,City of San Diego,,,,,,,,,,,,,,,,,,,,,,,,,,
9af409d7-60f9-4af5-b091-e53a23cea1b3,Morley Field Disc Golf Course,"3090 Pershing Dr, San Diego, CA 92103",32.73667335,-117.1360238,,"6:30am - 4:30pm, daily",,,,1,,,City of San Diego,,,,,,,,,,,,,,,,,,,,,,,,,,
a0064b02-aef3-40cd-9ce8-d143b50f9d3e,Hilleary Park,"13500 Community Rd, Poway, CA 92064",32.96063056,-117.0410778,1,"6:00am - 10:30pm, daily",1,0,0,1,0,2,City of Poway,3,6/18/24 17:30,,1,,,,,,,,,,,,,,,,,,,,,,
95939505-00d1-4494-8c69-9d8f8be50f62,Cabrillo Heights Playground,"8308 Hurlbut St, San Diego, CA 92123",32.80574582,-117.1465755,,24/7,,,,1,,,City of San Diego,,,,,,,,,,,,,,,,,,,,,,,,,,
4ca34795-830d-4cbc-92f0-96691c689f92,Chollas Community Park,"5850 Chollas Station Rd, San Diego, CA 92105",32.73858467,-117.0730008,1,7:00am - 4:00pm,1,1,1,1,0,2,City of San Diego,3,7/18/22 15:19,,1,,,,,,,,,,,,,,,,,,,,,,
0263ccaf-0534-4bd3-b0d8-7e79e17c5ab0,Admiral Baker Golf Course,"2400 Admiral Baker Rd #3604, San Diego, CA 92124",32.80181652,-117.0975278,,"6:00am - 6:00pm, daily",,,,1,,,US Navy,,,,,,,,,,,,,,,,,,,,,,,,,,
af1a0a46-c52e-453e-9c0a-403f2acd1fea,Jess Martin County Park,"2663 Apple Ln, Julian, CA 92036",33.07247095,-116.5922228,,"6:00am - 7:00pm, daily",,,,1,,,San Diego County,,,,,,,,,,,,,,,,,,,,,,,,,,
adeb9277-0349-40d7-86a0-857517b5ea10,Civita Park Playground,"7960 Civita Blvd, San Diego, CA 92108",32.7799005,-117.1469414,1,Sunrise to Sunset,1,1,1,1,0,2,City of San Diego,1,6/15/23 18:19,,1,,,,,,,,,,,,,,,,,,,,,,
fdc21021-2742-4b2e-be9b-8ad77c9faa86,Coronado Club Room,"1985 Strand Way, Coronado, CA 92118",32.67479379,-117.1682413,1,Wed - Sun 7:30am - 2:00pm,1,1,1,1,0,2,City of Coronado,3,7/16/22 17:08,,2,,,,,,,,,,,,,,,,,,,,,,
c50f3253-487c-4883-b8be-ae19e0aa5e49,Harvest Park,"1550 E Palomar St, Chula Vista, CA 91913",32.63017581,-116.9909489,1,"7:00am - 10:00pm, daily",,,,1,,,City of Chula Vista,,,,,,,,,,,,,,,,,,,,,,,,,,
921e8e1c-ae66-4d98-8e4c-e1008db7e626,Junior Seau Sports Complex,"9009 Park Plaza Drive, La Mesa, CA 91941",32.78912004,-117.0032646,,"9:30am - 5:00pm, daily",,,,1,,,City of La Mesa,,,,,,,,,,,,,,,,,,,,,,,,,,
f8605783-eded-4c50-bfdc-738dc5ba2c51,Kimball Park (2),"49 E 16th Street, National City, CA 91950",32.67116825,-117.1038742,1,"Dawn to Dusk, daily",0,1,0,1,0,2,City of National City,1,7/22/22 16:30,,1,,,,,,,,,,,,,,,,,,,,,,
84a15660-a27f-4210-b1fb-414ec19998d1,Kimball Park (3),"49 E 16th Street, National City, CA 91950",32.67155434,-117.102737,1,"Dawn to Dusk, daily",1,1,0,1,0,2,City of National City,1,7/22/22 16:33,,1,,,,,,,,,,,,,,,,,,,,,,
476d62df-e98a-4371-8832-450a27397ee9,Oceanside Pier,"Pier, Oceanside, CA 92054",33.19278554,-117.386946,1,"Dawn to Sunset, daily",1,0,0,1,0,2,City of Oceanside,1,1/24/22 15:46,,2,,,,,,,,,,,,,,,,,,,,,,
780fe20e-d2e9-4f70-93fb-babb31b5016b,Big Rock Park,"8125 Arlette St, Santee, CA 92071",32.83074288,-117.0181992,1,"Dawn to Sunset, daily",1,0,0,1,0,2,City of Santee,3,10/8/22 17:28,,1,,,,,,,,,,,,,,,,,,,,,,
5605e7da-f83e-40df-8099-7cfc3ed32ae7,Escondido Public Library,"239 S Kalmia St, Escondido, CA 92025",33.12060285,-117.0792742,,"Sun Closed, Mon, Fri - Sat 9:00am - 6:00pm; Tues - Thurs 9:00am - 8:00pm",,,,1,,,City of Escondido,,,,,,,,,,,,,,,,,,,,,,,,,,
b9ff4ec9-9ae5-47b2-88ca-9c06216101d2,Junipero Serra Museum,"2727 Presidio Dr, San Diego, CA 92101",32.75963338,-117.1935037,,Sat - Sun 10:00am - 4:00pm,,,,1,,,San Diego History Museum & City of San Diego,,,,,,,,,,,,,,,,,,,,,,,,,,
ad90f1c3-5c62-4816-b58a-7042fe5f23f6,El Cajon Branch Library,"201 E Douglas Ave, El Cajon, CA 92020",32.79314022,-116.9604391,,"Mon & Thurs 10:00am - 6:00pm, Tues - Wed 12:00pm - 7:00pm, Fri - Sun 10:00am - 5:00pm",,,,1,,,San Diego County,,,,,,,,,,,,,,,,,,,,,,,,,,
0f89f435-2820-4fc4-9b9a-c10cd441b61e,Bonita-Sunnyside Library,"4375 Bonita Rd, Bonita, CA 91902",32.66142487,-117.0342906,,"Sun Closed, Mon & Wed - Thurs 10:00am - 6:00pm, Tues 12:00pm - 7:00pm, Fri - Sat 10:00am - 5:00pm",,,,1,,,San Diego County,,,,,,,,,,,,,,,,,,,,,,,,,,
69e99ff2-a966-4089-aa56-1dd6352fd652,Tierrasanta Recreation Center,"11220 Clairemont Mesa Blvd, San Diego, CA 92124",32.82972111,-117.0891796,,Mon 11:00am - 8:00pm; Tues & Thurs 10:00am - 8:00pm; Wed 11:30am - 8:30pm; Fri 12:00pm - 8:00pm; Sat - Sun 9:00am - 4:00pm,,,,1,,,City of San Diego,,,,,,,,,,,,,,,,,,,,,,,,,,
654f4462-2f50-461b-9e31-f5b09222dafa,Joe Balderrama Park,"709 San Diego St, Oceanside, CA 92058",33.20425708,-117.3712069,,"6:00am - 9:00pm, daily",,,,1,,,City of Oceanside,,,,,,,,,,,,,,,,,,,,,,,,,,
a2160a11-41fc-426d-b836-0df0a54d7f21,Grape Street Dog Park,"28th Street and Grape Street, San Diego, CA  92102",32.72700233,-117.1348077,1,24/7,0,0,0,1,0,2,City of San Diego,3,6/18/24 14:08,,1,,,,,,,,,,,,,,,,,,,,,,
b410deaf-3507-4254-acfa-0a6ccec12468,Chavez Resource Center,"605 San Diego St, Oceanside, CA 92054",33.20408469,-117.3709734,,"Mon - Sat 9:00am - 5:00pm, Sun closed",,,,1,,,City of Oceanside,,,,,,,,,,,,,,,,,,,,,,,,,,
f6590680-13ba-44ab-8117-759f7d8fad59,Otay Ranch Branch Library,"2015 Birch Rd #409, Chula Vista, CA 91915",32.62408806,-116.9679853,,"Sun 12:00pm - 6:00pm, Mon - Sat 11:00am - 7:00pm",,,,1,,,City of Chula Vista,,,,,,,,,,,,,,,,,,,,,,,,,,
4f71e75d-8c68-46dd-8d9d-73564a823947,City Heights/Weingart Branch Library,"3795 Fairmount Ave, San Diego, CA 92105",32.74723621,-117.1002295,,"Sun Closed, Mon - Tues 11:30am - 8:00pm, Wed - Sat 9:30am - 6:00pm",,,,1,,,City of San Diego,,,,,,,,,,,,,,,,,,,,,,,,,,
f0118e3a-2131-4fa8-aa5e-eb5a0e7d18b4,Carmel Valley Branch Library,"3919 Townsgate Dr, San Diego, CA 92130",32.95214065,-117.2307183,,Mon - Tues 11:30am - 8:00pm; Wed - Sat 9:30am - 6:00pm; Sun Closed,,,,1,,,City of San Diego,,,,,,,,,,,,,,,,,,,,,,,,,,
6b9bd28f-25ca-40f2-a536-bdab62e82208,Encinitas Library,"540 Cornish Dr, Encinitas, CA 92024",33.04556755,-117.2905766,,"Mon & Thurs 10:00am - 6:00pm, Tues - Wed 12:00pm - 7:00pm, Fri - Sun 10:00am - 5:00pm",,,,1,,,San Diego County,,,,,,,,,,,,,,,,,,,,,,,,,,
d8ac833a-eeac-4be6-89ea-d4daad909aca,Allied Gardens/Benjamin Branch Library,"5188 Zion Ave, San Diego, CA 92120",32.79296492,-117.0814547,1,Mon - Tues 11:30am - 8:00pm; Wed - Sat 9:30am - 6:00pm; Sun Closed,1,0,1,1,0,1,City of San Diego,3,10/14/22 17:48,1,,,,,,,,,,,,,,,,,,,,,,,
abf3fa6f-89ee-494f-9069-2062c7ab4415,San Carlos Recreation Center,"6445 Lake Badin Ave, San Diego, CA 92119",32.79824396,-117.0215476,,Mon - Thurs 10:00am - 8:00pm; Fri 10:00am - 7:00pm; Sat 9:00am - 4:00pm; Sun Closed,,,,1,,,City of San Diego,,,,,,,,,,,,,,,,,,,,,,,,,,
41a43da1-9634-4cc3-a9ae-f706df608486,Georgina Cole Library,"1250 Carlsbad Village Dr, Carlsbad, CA 92008",33.16487469,-117.3403535,,Mon - Thurs 10:00am - 7:00pm; Fri - Sat 10:00am - 5:00pm; Sunday closed,,,,1,,,City of Carlsbad,,,,,,,,,,,,,,,,,,,,,,,,,,
dc26002d-f02d-496c-b2a2-ebd8d72e29af,El Corazon Senior Center,"3302 Senior Center Dr, Oceanside, CA 92056",33.20599274,-117.3148512,,"Mon, Fri - Sat 9:00am - 6:00pm, Tues - Thurs 9:00am - 8:00pm",,,,1,,,City of Oceanside,,,,,,,,,,,,,,,,,,,,,,,,,,
64ec3fc2-8727-41c2-ba96-fcdc7a551f61,Casa de Oro Branch Library,"9805 Campo Rd, Spring Valley, CA 91977",32.74712083,-116.9856819,,"Sat - Sun closed; Mon & Wed - Thurs 10:00am - 6:00pm, Tues 12:00pm - 7:00pm, Fri 10:00am - 5:00pm",,,,1,,,San Diego County,,,,,,,,,,,,,,,,,,,,,,,,,,
c2c793d4-083e-4e27-aa7b-6800cccf9f0f,Eucalyptus Skateboard Park,"1301 Oleander Ave, Chula Vista, CA 91911",32.61605154,-117.0325415,,"Mon, Wed, Fri 3:00pm - 5:30pm",,,,1,,,City of Chula Vista,,,,,,,,,,,,,,,,,,,,,,,,,,
4b60c6cf-0928-4e8c-91c0-cf1a5dc97a38,Julian Branch Library,"1850 CA-78, Julian, CA 92036",33.07700815,-116.5965547,,Mon & Wed - Thurs 10:00am - 6:00pm; Tues 12:00pm - 7:00pm; Fri 10:00am - 5:00pm; Sat - Sun closed,,,,1,,,San Diego County,,,,,,,,,,,,,,,,,,,,,,,,,,
91d06216-859a-4f3f-80a1-f2d4f370df38,Oceanside Tyson Street Park,"211-355 The Strand N, Oceanside, CA 92054",33.19105833,-117.3811472,1,Unknown,1,1,0,1,0,2,City of Oceanside,1,1/24/22 15:57,,2,,,,,,,,,,,,,,,,,,,,,,
467747c1-a0c1-4c96-bf29-7d0a3c0268f8,Sportsplex USA Santee,"9951 Riverwalk Dr, Santee, CA 92071",32.8508255,-116.9798899,,"Sun 9:00am - 5:00pm, Mon - Tues 12:00pm - 7:00pm, Wed - Fri 1:00pm - 10:00pm, Sat closed",,,,1,,,SportsplexUSA,,,,,,,,,,,,,,,,,,,,,,,,,,
f4dfdc9b-251e-495f-8036-21d7e430419f,Carmel Mountain Ranch Branch Library,"12095 World Trade Dr, San Diego, CA 92128",32.98158697,-117.073812,1,Mon - Tues 11:30am - 8:00pm; Wed - Sat 9:30am - 6:00pm; Sun Closed,1,0,1,1,0,1,City of San Diego,3,05:37.4,1,,,,,,,,,,,,,,,,,,,,,,,
5f018f29-4ee6-445c-82ae-a4e51ba914fd,Alpine Branch Library,"1752 Alpine Blvd, Alpine, CA 91901",32.83781632,-116.7761462,,"Sun - Mon closed, Tues 12:00pm - 7:00pm, Wed-Thurs 10:00am - 6:00pm, Fri - Sat 10:00am - 5:00pm",,,,1,,,San Diego County,,,,,,,,,,,,,,,,,,,,,,,,,,
7d29e483-9a12-423a-bf9f-cbfa5a4a55f9,Fletcher Hills Branch Library,"576 Garfield Ave, El Cajon, CA 92020",32.8018516,-116.9977528,,"Sun - Mon closed, Tues 12:00pm - 7:00pm, Wed 10:00am - 6:00pm, Thurs 10:00am - 6:00pm, Fri 10:00am - 5:00pm, Sat 10:00am - 5:00pm",,,,1,,,San Diego County,,,,,,,,,,,,,,,,,,,,,,,,,,
fa503b10-932b-4e96-8196-1ad6b3001d4b,Lincoln Acres Branch Library,"2725 Granger Ave, National City, CA 91950",32.66656639,-117.0712445,,"Sun - Mon closed, Tues 10:00am - 7:00pm, Wed - Thurs 10:00am - 6:00pm, Fri - Sat 10:00am - 5:00pm",,,,1,,,San Diego County,,,,,,,,,,,,,,,,,,,,,,,,,,
b93cfd6f-d52e-458a-aa0c-5eb7e4d9acc1,Del Mar Branch Library,"1309 Camino Del Mar, Del Mar, CA 92014",32.95723748,-117.2642702,1,"Sun - Mon closed, Tues 12:00pm - 7:00pm, Wed - Thurs 10:00am - 6:00pm, Fri - Sat 10:00am - 5:00pm",,,,1,,,San Diego County,,,,,,,,,,,,,,,,,,,,,,,,,,
62c19a07-8555-46aa-af18-f94d3c4f79f2,Descanso Branch Library,"9545 River Dr, Descanso, CA 91916",32.85999525,-116.614959,,"Sun - Mon closed, Tues 10:00am - 7:00pm, Wed - Thurs 10:00am - 6:00pm, Fri - Sat 10:00am - 5:00pm",,,,1,,,San Diego County,,,,,,,,,,,,,,,,,,,,,,,,,,
6b3b47a6-17a7-4c0b-802b-53d0a828e29f,Jacumba Branch Library,"44605 Old Hwy 80, Jacumba Hot Springs, CA 91934",32.61723856,-116.1870757,,"Sun - Mon closed, Tues 12:00pm - 7:00pm, Wed - Thurs 10:00am - 6:00pm, Fri - Sat 10:00am - 5:00pm",,,,1,,,San Diego County,,,,,,,,,,,,,,,,,,,,,,,,,,
d9cf3160-6968-47d7-8f40-35a310355455,Borrego Springs Branch Library,"2580 Country Club Rd, Borrego Springs, CA 92004",33.25391515,-116.3794542,,"Sun - Mon closed, Tues 9:30am - 6:00pm, Wed - Thurs 9:30am - 8:00pm, Fri - Sat 9:30am-5:00pm",,,,1,,,San Diego County,,,,,,,,,,,,,,,,,,,,,,,,,,
849333a2-47e4-4adb-bdef-0aec15041b93,Crest Branch Library,"105 Juanita Ln, El Cajon, CA 92021",32.80395278,-116.867545,1,"Sat - Sun closed, Mon - Fri 10:00am - 4:00pm",,,,1,,,San Diego County,,,,,,,,,,,,,,,,,,,,,,,,,,
5b817090-ce1e-4127-bed0-208bd4f99d0a,Broadway Pier,"1000 N. Harbor Drive, San Diego, CA 92101",32.71558795,-117.175154,1,"Sunrise to Sunset, daily",1,0,0,1,0,2,Port of San Diego,1,8/18/22 14:41,,1,,,,,,,,,,,,,,,,,,,,,,
497adb8f-9605-4eab-948a-1379f07a46df,Iron Mountain Trailhead,"14847-14909 CA-67, Poway, CA 92064",32.97831009,-116.9726916,1,"Sunrise to Sunset, daily",1,1,0,1,0,2,City of Poway,3,27:22.5,,3,,,,,,,,,,,,,,,,,,,,,,
64e97208-1886-45be-a203-daff95d5b234,Torrey Pines City Beach,"Torrey Pines City Beach, San Diego, CA 92037",32.87745757,-117.2508739,1,"Sunrise to Sunset, daily",1,1,0,1,0,2,City of San Diego & CA State,3,7/2/23 19:45,,2,,,,,,,,,,,,,,,,,,,,,,
3e2f1fe3-9b1f-478e-aa3d-240c8cb844e5,Horse Creek Ridge Sports Park,"240 Gold Palomino Way, Fallbrook, CA 92028",33.35554378,-117.1551631,,"Sunrise to Sunset, daily, closed Dec 25",,,,1,,,San Diego County,,,,,,,,,,,,,,,,,,,,,,,,,,
f4a8bfb0-2c1f-4182-a69f-72a415b8aadc,Belmont Park near Plunge,"3146 Mission Blvd, San Diego, CA 92109",32.7709367,-117.2521192,1,Vary Weekly,1,1,1,1,0,2,Pacifica Enterprises LLC & City of San Diego,3,6/10/24 16:37,,2,,,,,,,,,,,,,,,,,,,,,,
d328f86f-9cb4-4e48-958f-7917de51055f,Belmont Park near Zip Line,"3146 Mission Blvd, San Diego, CA 92109",32.77024291,-117.2521219,1,Vary Weekly,1,1,1,1,0,2,Pacifica Enterprises LLC & City of San Diego,3,6/10/24 16:37,,2,,,,,,,,,,,,,,,,,,,,,,
4f473438-fc51-434b-9512-b7ed9c5425b5,Lake Poway restroom complex,"14678 Lake Poway Rd, Poway, CA 92064",33.0043341,-117.0131099,,Wed - Sun 6:00am to Sunset,,,,1,,,City of Poway,,,,,,,,,,,,,,,,,,,,,,,,,,
1ecbc038-cdef-4da1-b865-e6512b26747a,Lake Poway Mount Woodson Trailhead,"Mount Woodson Trail, Poway, CA 92064",33.00668446,-117.0133065,,Wed - Sun 6:00am to Sunset,,,,1,,,City of Poway,,,,,,,,,,,,,,,,,,,,,,,,,,
c0c39534-2d87-43a2-9b29-f685d5528017,Lake Poway Recreation Office,"14644 Lake Poway Rd, Poway, CA 92064",33.0065827,-117.0148849,,Wed - Sun 6:00am to Sunset,,,,1,,,City of Poway,,,,,,,,,,,,,,,,,,,,,,,,,,
ee8da930-0714-4040-8e14-1cae8299d48c,Park de la Cruz,"3735 Landis Street, San Diego, CA 92105",32.74604175,-117.112204,0,Permanently closed,0,0,,0,0,,City of San Diego,1,2026-04-22 17:38,,,,,,,,2026-04-23T00:39:48.544Z,ee8da930-0714-4040-8e14-1cae8299d48c,update,MWC,2026-04-22 17:38,Park de la Cruz,Permanently closed,Accessed from outside the building,Easily Visible,No,No,No,No,Permanently closed,,,TRUE
4a08f864-ca1d-4878-89db-d7b67cfc54fe,Seaport Village East,"803 W Harbor Dr, San Diego, CA 92101",32.7090252,-117.1686564,1,"10:00am - 9:00pm, daily",1,0,1,1,2,5,Port of San Diego,3,,,,,1,,,,,,,,,,,,,,,,,,,,
4150196f-9567-43c1-8034-3e12120453a5,Seaport Village Central,"855 W Harbor Drive, San Diego, CA 92101",32.70900882,-117.1701806,1,"10:00am - 9:00pm, daily",1,0,1,1,1,5,Port of San Diego,3,,,,,1,,,,,,,,,,,,,,,,,,,,
4581f6d9-0e06-4ee2-85f1-58a88c6a3bb7,Paradise Hills (Charles L Lewis III) Skatepark,"6759 Paradise Valley Rd, San Diego, CA 92139",32.68762503,-117.0491865,,"10:00am to Dusk, daily",,,,,,,City of San Diego,,,,,,,,,,,,,,,,,,,,,,,,,,
9b40cb43-6c9b-4079-80ae-553773132b66,Rancho Penasquitos Skate Park,"10111 Carmel Mountain Rd, San Diego, CA 92129",32.96055978,-117.1097824,,"10:00am to Dusk, daily",,,,,,,City of San Diego,,,,,,,,,,,,,,,,,,,,,,,,,,
c33a11e4-cb80-487c-9899-e05483cbc0bf,Camino Ruiz Neighborhood Park,"11489 Camino Ruiz, San Diego, CA 92126",32.93424194,-117.1480909,,24/7,,,,,,,City of San Diego,,,,,,,,,,,,,,,,,,,,,,,,,,
e68648c1-1c04-4122-bc67-0606eca3e5dc,Cerro de las Posas Pool,"1387 W Borden Rd, San Marcos, CA 92069",33.15972551,-117.187613,,"12:30pm - 4:30pm, daily",,,,,,,City of San Marcos,,,,,,,,,,,,,,,,,,,,,,,,,,
15055321-30a1-4e47-9bf7-563161fcf358,Agua Caliente County Park,"39555, 1849 Great Southern Overland Stage Route of, Julian, CA 92036",32.94996143,-116.3031932,,24/7,,,,,,,San Diego County,,,,,,,,,,,,,,,,,,,,,,,,,,
1d5faad6-7438-44a2-976c-6ae1209cb6b8,Alamosa Park,"Mesa Drive and Alamosa Drive, Oceanside, CA 92057",33.23856551,-117.2808834,,"6:00am - 9:00pm, daily",,,,,,,City of Oceanside,,,,,,,,,,,,,,,,,,,,,,,,,,
34ad8b14-8630-438f-94e9-0c14de8a75e8,Bill Cleator Community Park,"4412 Nimitz Blvd., San Diego, CA  92107",32.74709444,-117.2336917,,7:00am to Dusk,,,,,,,City of San Diego,,,,,,,,,,,,,,,,,,,,,,,,,,
d73693b7-800e-4ba3-9af8-6c956834acbd,Buccaneer Park,"1506 S Pacific St, Oceanside, CA 92054",33.17689898,-117.3685451,,"6:00am - 9:00pm, daily",,,,,,,City of Oceanside,,,,,,,,,,,,,,,,,,,,,,,,,,
e3d6647a-7a03-499c-b535-73b11d89e864,Buckman Springs Rest Area,California 91962,32.75803001,-116.4839563,,24/7,,,,,,,CA Department of Transportation,,,,,,,,,,,,,,,,,,,,,,,,,,
cf1a974c-22b6-4c2b-b291-3d84147cf201,Calavera Hills Community Center,"2997 Glasgow Dr, Carlsbad, CA 92010",33.16613381,-117.2991366,,24/7,,,,,,,City of Carlsbad,,,,,,,,,,,,,,,,,,,,,,,,,,
ca984fe1-aca0-42a0-9cf8-5c30ddb32415,Charles Lewis III Memorial Park,"4639 Home Ave, San Diego, CA 92105",32.73409624,-117.0937617,,24/7,,,,,,,City of San Diego,,,,,,,,,,,,,,,,,,,,,,,,,,
d96f1b56-9742-4e1b-a137-ee0481453ead,Children's Pool,"834 Coast Blvd S, La Jolla, CA 92037",32.84722771,-117.2786304,1,Unknown,,,,,,,City of San Diego,,,,,,,,,,,,,,,,,,,,,,,,,,
b38c28b4-c8e9-4031-8281-b62b169cac99,Civic Center,"1140 Third Ave, San Diego, CA 92101",32.71707231,-117.1621585,1,6 AM - 10PM,1,1,0,0,0,3,City of San Diego,1,2026-04-19 10:53,,,4,,,,Hand dryer not working,2026-04-19T18:00:41.342Z,b38c28b4-c8e9-4031-8281-b62b169cac99,update,Brandon Le,2026-04-19 10:53,Civic Center,Yes,Accessed from outside the building,Somewhat visible,No,No,No,Yes,"Security guard, same person as during Fall visit
10 mins before security kicks out occupant","Filthy, generally looks unmaintained","Not busy on a sunday morning
Security presence with window",TRUE
122016df-48eb-4df6-a2a3-6fcdeb837320,Colina Del Sol Park,"5319 Orange Ave, San Diego, CA 92115",32.75245264,-117.0801561,,24/7,,,,,,,City of San Diego,,,,,,,,,,,,,,,,,,,,,,,,,,
78126a3e-16cc-4b4e-8de1-ec2ac3198d23,Dennis V Allen Park,"800 Boundary St., San Diego, CA  92102",32.71282632,-117.1116069,0,,,,,,,,City of San Diego,,,,,,,,,,,,,,,,,,,,,,,,,,
9d70e01a-bc55-4fca-be7c-079e94191701,Discovery Park,"700 Buena Vista Way, Chula Vista, CA 91910",32.64367769,-117.0067879,,24/7,,,,,,,City of Chula Vista,,,,,,,,,,,,,,,,,,,,,,,,,,
9a6ab871-a2ab-4dca-a7bd-e49b5bec4298,Dusty Rhodes Park,"2469 Sunset Cliffs Blvd, San Diego, CA 92107",32.75267461,-117.2394807,1,Dawn to Dusk,1,0,0,1,0,2,City of San Diego,3,6/8/24 17:20,,1,,,,,,,,,,,,,,,,,,,,,,
682e5636-265a-44d4-b49a-f0794e8af4f0,El Toyon Recreation Center,2005 E 4th St. National City CA 91950,32.68535468,-117.0876389,1,24/7,,,,,,,City of National City,,,,,,,,,,,,,,,,,,,,,,,,,,
d8b1986b-5118-4481-9193-0dd019e0ac36,Glen Park,"2149 Orinda Dr, Cardiff, CA 92007",33.01870681,-117.2801666,,24/7,,,,,,,City of Cardiff,,,,,,,,,,,,,,,,,,,,,,,,,,
99d95f3b-b09d-4679-83c0-69403817c9a2,Greg Rogers Park,"1168 Oleander Ave, Chula Vista, CA 91911",32.61997865,-117.0348421,,24/7,,,,,,,City of Chula Vista,,,,,,,,,,,,,,,,,,,,,,,,,,
d849bc6e-0cbc-437c-86ec-50a97a137c6a,Greg Rogers Park Ball Fields,"1168 Oleander Ave, Chula Vista, CA 91911",32.61824023,-117.0336633,,24/7,,,,,,,City of Chula Vista,,,,,,,,,,,,,,,,,,,,,,,,,,
52fb20d6-cfd1-4c4a-8f02-b756282c2939,Highland and Landis Park,"4380 Landis St, San Diego, CA 92105",32.74723728,-117.099531,0,Permanently closed,0,0,,0,0,,City of San Diego,1,2026-04-22 17:36,,,,,,,,2026-04-23T00:37:32.822Z,52fb20d6-cfd1-4c4a-8f02-b756282c2939,update,MWC,2026-04-22 17:36,Highland and Landis Park,Permanently closed,Accessed from outside the building,Easily Visible,No,No,No,No,Permanently closed,,,TRUE
92ef9eab-0bfc-432c-9aae-cd15a238a9c4,Holiday Park,"1055 Chestnut Ave, Carlsbad, CA 92008",33.16054284,-117.3402035,1,"8:00am - 10:00pm, daily",,,,,,,City of Carlsbad,,,,,,,,,,,,,,,,,,,,,,,,,,
8edb41b2-5ffc-475b-a68c-ca5717ff6367,Holiday Park (2),"1055 Chestnut Ave, Carlsbad, CA 92008",33.16018204,-117.3393461,,24/7,,,,,,,City of Carlsbad,,,,,,,,,,,,,,,,,,,,,,,,,,
ea04ad98-383b-4ddb-8f46-c1e3dc2a9863,Hourglass Community Park,"10440 Black Mountain Rd #2910, San Diego, CA 92126",32.90644524,-117.1222369,,24/7,,,,,,,City of San Diego,,,,,,,,,,,,,,,,,,,,,,,,,,
191ea370-2da4-43a3-8e24-2791f4ceb929,Jerabek Park,"10150 Avenida Magnifica, San Diego, CA 92131",32.91040862,-117.0821675,,24/7,,,,,,,City of San Diego,,,,,,,,,,,,,,,,,,,,,,,,,,
bdae577f-116c-4c96-888e-ab810e6e5dfd,John Landes Skatepark,"4215 Lewis St, Oceanside, CA 92056",33.19454699,-117.2864314,,"6:00am - 9:00pm, daily",,,,,,,City of Oceanside,,,,,,,,,,,,,,,,,,,,,,,,,,
d9ab1097-c2a7-462d-901f-fba51718d20e,Kelly Street Neighborhood Park,"6640 Kelly St, San Diego, CA 92111",32.78234047,-117.1762061,,24/7,,,,,,,City of San Diego,,,,,,,,,,,,,,,,,,,,,,,,,,
04b1909e-89d3-4a4a-8460-07417610d1a9,Lake Morena County Park Ranger Station,"2550 Lake Morena Dr, Campo, CA 91906",32.68605579,-116.5221269,,24/7,,,,,,,San Diego County,,,,,,,,,,,,,,,,,,,,,,,,,,
13d5a7bf-6932-492b-9838-302e5aeda335,Libby Lake Park,"504 Calle Montecito, Oceanside, CA 92057",33.25055426,-117.3090676,,"6:00am - 9:00pm, daily",,,,,,,City of Oceanside,,,,,,,,,,,,,,,,,,,,,,,,,,
d56245e7-ebe4-4aa1-adac-487f0cc27f06,Liberty Station Cushing,"2705 Cushing Rd, San Diego, CA 92106",32.73745556,-117.211511,,24/7,,,,,,,City of San Diego,,,,,,,,,,,,,,,,,,,,,,,,,,
5240e516-1b59-4f07-ab44-7859372cd020,Liberty Station Playground,"2455 Cushing Rd, San Diego, CA 92106",32.73444169,-117.2128106,,Sunrise to Sunset,,,,,,,City of San Diego,,,,,,,,,,,,,,,,,,,,,,,,,,
3535d839-67c6-4d06-b1b1-caf8dab8acf2,Lifeguard Station Mission Beach Boardwalk,"3141 Ocean Front Walk, San Diego, CA 92109",32.771682,-117.252848,1,24/7,1,0,0,0,0,2,City of San Diego,1,6/10/24 14:11,,2,,,,,,,,,,,,,,,,,,,,,,
a835a060-01b4-42ca-9ab1-d8476d46c6a6,Lindbergh Neighborhood Park,"4141 Ashford St, San Diego, CA 92111",32.8190876,-117.1626223,,24/7,,,,,,,City of San Diego,,,,,,,,,,,,,,,,,,,,,,,,,,
b94f45ae-8432-4e61-b468-e696c1fca723,Mira Mesa Community Park North,"8575 New Salem St, San Diego, CA 92126",32.91650329,-117.1391535,,24/7,,,,,,,City of San Diego,,,,,,,,,,,,,,,,,,,,,,,,,,
2709970c-b058-42c1-826b-b2fb973187cf,Montecito Park,"1501 Santa Diana Rd, Chula Vista, CA 91913",32.61806159,-116.9888427,,24/7,,,,,,,City of Chula Vista,,,,,,,,,,,,,,,,,,,,,,,,,,
cf321a9b-467f-4e14-acf0-f8f5c9c08e85,Mountain View Park on 40th St,"435 S 40th St San Diego, CA 92113",32.702038,-117.107833,,24/7,,,,,,,City of San Diego,,,,,,,,,,,,,,,,,,,,,,,,,,
939776ef-e568-4abf-b244-98320092f7b4,City Heights Swim Center,"4376 Landis St, San Diego, CA 92105",32.74667114,-117.1003064,,Mon & Wed 12:00pm - 5:00pm,,,,,,,City of San Diego,,,,,,,,,,,,,,,,,,,,,,,,,,
b6663076-048f-461a-bfa1-0f45dd1e194c,Olive Grove Park,"6075 Printwood Street, San Diego, CA 92117",32.82602987,-117.1710971,,24/7,,,,,,,City of San Diego,,,,,,,,,,,,,,,,,,,,,,,,,,
ab6d90ff-9831-4dad-bace-26454f53eef1,Balboa Park Pepper Grove North,"Pepper Grove, Balboa Park, San Diego, CA  92101",32.72897454,-117.1476292,,24/7,,,,,,,City of San Diego,,,,,,,,,,,,,,,,,,,,,,,,,,
47e42cf1-1895-40d4-876f-0810a3031e1c,Sage Canyon Park,"5248 Harvest Run Dr, San Diego, CA 92130",32.92600369,-117.2060753,,24/7,,,,,,,City of San Diego,,,,,,,,,,,,,,,,,,,,,,,,,,
c8798260-d6ef-44a8-a2b4-d2477e90acd5,San Clemente Canyon Trailhead Parking Lot,"East of Regents Road at 1022 Rose Canyon Trl, San Diego, CA 92117",32.84203341,-117.2132779,,24/7,,,,,,,City of San Diego,,,,,,,,,,,,,,,,,,,,,,,,,,
e90c5f30-f349-4502-bc8f-60d581935512,Rose Canyon Trailhead,"1022 Rose Canyon Trl, San Diego, CA 92117",32.83958941,-117.2202842,,24/7,,,,,,,City of San Diego,,,,,,,,,,,,,,,,,,,,,,,,,,
88b034b1-8915-4926-ac7c-d875da245fa7,South Bay Recreation Center,"1885 Coronado Ave, San Diego, CA 92154",32.575157,-117.0941577,,Mon - Tues 11:00am - 8:00pm; Wed - Thurs 10:00am - 8:00pm; Fri 11:00am - 7:00pm; Sat - Sun 9:00am - 4:00pm,,,,,,,City of San Diego,,,,,,,,,,,,,,,,,,,,,,,,,,
bbd00dd0-eff4-4506-8ec4-5fae98c2dc14,South Creek Park,"12259 Wickerbay Cove, San Diego, CA 92128",32.94236896,-117.0799069,,24/7,,,,,,,City of San Diego,,,,,,,,,,,,,,,,,,,,,,,,,,
d9bcc493-759f-432d-ada2-aa31f793e543,Balboa Park Spanish Art Village,"1770 Village Pl, San Diego, CA 92101",32.73371365,-117.1478409,1,24/7,1,0,0,0,0,2,City of San Diego,3,2/18/22 15:13,,1,,,,,,,,,,,,,,,,,,,,,,
8058ca3d-7922-41f4-baa7-a44e136fd5ee,Spanish Landing West,"4300 N Harbor Dr, San Diego, CA 92101",32.72848739,-117.2102511,,"6:00am - 10:30pm, daily",,,,,,,Port of San Diego,,,,,,,,,,,,,,,,,,,,,,,,,,
705fe983-c136-4b5b-bff5-9d46173e691f,Balboa Park Spreckels Organ Pavilion,"635 Pan American Rd W, San Diego, CA 92101",32.72980921,-117.1512695,1,24/7,1,0,1,1,0,2,City of San Diego,1,6/16/24 15:34,,1,,,,,,,,,,,,,,,,,,,,,,
b72cef40-4ffa-4725-bf79-2c03f8c34d14,Spring Canyon Neighborhood Park,"10907 Scripps Poway Pkwy, San Diego, CA 92131",32.93481851,-117.0925545,,24/7,,,,,,,City of San Diego,,,,,,,,,,,,,,,,,,,,,,,,,,
5c682779-499f-4e31-9698-343029cccfb2,St. Vincent de Paul,"16 15th St, San Diego, CA 92101",32.70559643,-117.1505971,1,24/7,1,0,0,1,0,6,St. Vincent de Paul,1,,,,,,,,,,,,,,,,,,,,,,,,,
a1b96c5c-da49-4014-9461-0a7f38a15ebd,Steel Canyon County Park,"2925 Steele Canyon Rd, El Cajon, CA 92019",32.73763261,-116.9130339,,24/7,,,,,,,San Diego County,,,,,,,,,,,,,,,,,,,,,,,,,,
4bf17955-14ac-4838-a0af-d1de557811cc,Stonebridge Neighborhood Park,"15030 Sycamore Trail Rd, San Diego, CA 92131",32.92393301,-117.0196127,,24/7,,,,,,,City of San Diego,,,,,,,,,,,,,,,,,,,,,,,,,,
c3029b6f-1ea9-4d4b-a60f-c952afe74bbc,Sunset Point Park,"1400 Dana Landing Rd, San Diego, CA 92109",32.76689411,-117.2386565,,24/7,,,,,,,City of San Diego,,,,,,,,,,,,,,,,,,,,,,,,,,
44612160-6f31-44fe-9ec4-d21bf9aebc7a,Swami's Seaside Park,"1350 S Coast Hwy 101, Encinitas, CA 92024",33.03461988,-117.2917356,,24/7,,,,,,,City of Encinitas,,,,,,,,,,,,,,,,,,,,,,,,,,
ef4ff9d4-cf32-4d08-9edf-b14f360b44b5,Torrey Meadows Neighborhood Park,"13499 Torrey Meadows Dr, San Diego, CA 92129",32.96451529,-117.1558045,,24/7,,,,,,,City of San Diego,,,,,,,,,,,,,,,,,,,,,,,,,,
e27f2c6a-4ecd-4ddb-b825-38b12c34221b,University Gardens Park,"Gullstrand St & Governor Dr., San Diego, CA 92122",32.853467,-117.1898594,,24/7,,,,,,,City of San Diego,,,,,,,,,,,,,,,,,,,,,,,,,,
7f963d46-6cf2-4acf-b72f-7b8bb46b7444,Veterans Park Skatepark,"785 E Palomar St, Chula Vista, CA 91911",32.61505564,-117.0223633,,24/7,,,,,,,City of Chula Vista,,,,,,,,,,,,,,,,,,,,,,,,,,
e6e0c5dc-99e3-4f0b-8dc1-8784391b8a2b,Views West Neighborhood Park,"12958 La Tortola, San Diego, CA 92129",32.95462321,-117.1159911,,24/7,,,,,,,City of San Diego,,,,,,,,,,,,,,,,,,,,,,,,,,
58c20398-d814-4878-8f3a-73f3d226cca8,Vista Pacifica Park,"6066 Avenida De Las Vistas, San Diego, CA 92154",32.5810694,-117.0051978,,24/7,,,,,,,City of San Diego,,,,,,,,,,,,,,,,,,,,,,,,,,
7417eb9f-89ca-49c6-b495-79806ab3d3d6,Vista Terrace Park,"301 Athey Ave, San Diego, CA 92173",32.56418868,-117.0510657,,24/7,,,,,,,City of San Diego,,,,,,,,,,,,,,,,,,,,,,,,,,
7276ce3a-5391-41ee-a786-b8fdb5fbd1c5,Walnut Grove Park,"1950 Sycamore Dr, San Marcos, CA 92069",33.18121445,-117.1529088,,24/7,,,,,,,City of San Marcos,,,,,,,,,,,,,,,,,,,,,,,,,,
f43e46e0-3dd5-4ca5-8f51-f780e7bcdd9b,Walnut Grove Park Parking Lot,"1950 Sycamore Dr, San Marcos, CA 92069",33.18174293,-117.1529655,,24/7,,,,,,,City of San Marcos,,,,,,,,,,,,,,,,,,,,,,,,,,
dbb3a955-9868-45f4-aaa1-4da4b73d6beb,Ward Canyon Neighborhood Park,"3905 Adams Ave, San Diego, CA 92116",32.76253889,-117.1108583,0,Permanently closed,0,0,,0,0,,City of San Diego,1,2026-04-22 17:35,,,,,,,,2026-04-23T00:36:13.166Z,dbb3a955-9868-45f4-aaa1-4da4b73d6beb,update,MWC,2026-04-22 17:35,Ward Canyon Neighborhood Park,Permanently closed,Accessed from outside the building,Easily Visible,No,No,No,No,Permanently closed,,,TRUE
a648bb22-ff19-4fb3-83b9-16afbeb6f686,Westview Park,"11278 Westview Pkwy, San Diego, CA 92126",32.92344128,-117.1197227,,24/7,,,,,,,City of San Diego,,,,,,,,,,,,,,,,,,,,,,,,,,
8f459cb3-38b9-4ddf-a7f6-6d227a2033a9,28th & Beech Street,"28th St. & Beech St., San Diego, CA  92102",32.72063933,-117.1342436,1,24/7,0,0,0,1,0,2,City of San Diego,3,6/18/24 13:25,,1,,,,,,,,,,,,,,,,,,,,,,
f39f49ea-2f47-4d0f-a988-d755b8273dbc,Balboa Park 6th Ave & Nutmeg St,"2701 Sixth Ave, San Diego, CA 92103",32.73363328,-117.158988,,24/7,,,,,,,City of San Diego,,,,,,,,,,,,,,,,,,,,,,,,,,
225614f3-f456-437a-8e7e-8c8f7a71ffc6,Balboa Park Alcazar Garden Parking Lot,"1363 El Prado, San Diego, CA 92101",32.73059436,-117.1522362,,24/7,,,,,,,City of San Diego,3,,,,,,,,,,,,,,,,,,,,,,,,,
20c8b3b4-6ae4-4e94-990d-281dd5406e24,Bahia Point Beach,"3210 Gleason Rd, San Diego, CA 92109",32.77437057,-117.2451634,,24/7,,,,,,,City of San Diego,,,,,,,,,,,,,,,,,,,,,,,,,,
f4518fe7-9606-4eba-a243-63e8b880b5f8,Cliffridge Park,"8311 Cliffridge Ave, La Jolla, CA 92037",32.85825753,-117.2438765,1,24/7,1,1,1,1,0,2,City of San Diego,3,53:00.8,,1,,,,,,,,,,,,,,,,,,,,,,
b6df55b8-c120-42dc-af77-81308c146d80,Dana Basin,"1906 Dana Landing Rd, San Diego, CA 92109",32.76640352,-117.2351015,,24/7,,,,,,,City of San Diego,,,,,,,,,,,,,,,,,,,,,,,,,,
3e463f57-ed06-4243-9690-d1f8977c539e,Encanto Neighborhood Park,"Broadway &, 65th St, San Diego, CA 92114",32.71563615,-117.0569925,,Unknown,,,,,,,City of San Diego,,,,,,,,,,,,,,,,,,,,,,,,,,
4e610c49-6d8d-4ff8-a781-0fc67e8fdab8,Goodland Acres Park,"8858 Troy St, Spring Valley, CA 91977",32.73730266,-117.0092564,,24/7,,,,,,,San Diego County,,,,,,,,,,,,,,,,,,,,,,,,,,
5556b0f7-a1d6-4dc8-b38e-ae41be225796,Hollywood Neighborhood Park,"Juniper St at Sumac, San Diego, CA 92105",32.73097692,-117.1044706,0,Permanently closed,0,0,,0,0,,City of San Diego,1,2026-04-22 17:40,,,,,,,,2026-04-23T00:41:05.615Z,5556b0f7-a1d6-4dc8-b38e-ae41be225796,update,MWC,2026-04-22 17:40,Hollywood Neighborhood Park,Permanently closed,Accessed from outside the building,Easily Visible,No,No,No,No,Permanently closed,,,TRUE
7614a8dd-d889-4da5-b2dd-5ed70ba5f635,Lifeguard Tower 17th Street,"1670 Coast Blvd, Del Mar, CA 92014",32.96241642,-117.2680545,1,"6:30a - locked 30 minutes before ""close""",1,1,1,0,0,2,City of Del Mar,3,40:31.6,,2,,,,,,,,,,,,,,,,,,,,,,
ecc391ce-d8ed-451a-b12c-f5b43dfd0c29,Linda Vista Community Park,"7064 Levant St, San Diego, CA 92111",32.79163542,-117.1700415,1,9:00am - 9:00pm,1,0,0,1,0,2,City of San Diego,3,6/13/24 16:58,,1,,,,,,,,,,,,,,,,,,,,,,
c4e575a7-71af-4136-86cf-c90bbc9b8e87,Mt. Etna Neighborhood Park,"4741 Mt Etna Dr, San Diego, CA 92117",32.82253829,-117.1922972,,24/7,,,,,,,City of San Diego,,,,,,,,,,,,,,,,,,,,,,,,,,
93a6ac97-6955-47bd-b5d5-bddb371edf33,Ocean Beach Dog Beach,"Brighton & Spray, San Diego, CA 92107",32.75236937,-117.252117,1,24/7,1,0,0,0,0,2,City of San Diego,1,6/15/23 20:30,,2,,,,,,,,,,,,,,,,,,,,,,
809b28cb-3cb5-4276-9fb8-7272a5b68ea1,Ocean Beach Lifeguard Station,"281 Santa Monica Ave, San Diego, CA 92107",32.7488934,-117.2523007,1,24/7,1,0,0,0,0,2,City of San Diego,3,6/8/24 15:08,,2,,,,,,,,,,,,,,,,,,,,,,
bb3131c8-06fa-4e57-b810-9fa0833e9d89,Ocean Beach Pier,"Ocean Front Way & Niagara Ave, San Diego, CA 92107",32.74955241,-117.2573703,0,Unknown,2,0,2,1,0,2,City of San Diego,2,20:48.8,,2,,,,,,,,,,,,,,,,,,,,,,
dee3815b-50bf-4999-bb38-ed1d6c62d72a,Ocean Front Walk,"3090 Ocean Front Walk, San Diego, CA 92109",32.76963946,-117.2526386,1,Unknown,1,0,0,0,0,2,City of San Diego,1,6/10/24 14:11,,2,,,,,,,,,,,,,,,,,,,,,,
cb0366b8-c14d-4860-8b6f-fd8da92ceb3c,Mission Bay Youth Field,"2639 Grand Ave, San Diego, CA 92109",32.80119396,-117.2202147,,24/7,,,,,,,City of San Diego,,,,,,,,,,,,,,,,,,,,,,,,,,
439679af-0330-43ec-9cb3-0031e64103b0,William Heise County Park,"4945 Heise Park Rd, Julian, CA 92036",33.04035227,-116.5879128,,24/7,,,,,,,San Diego County,,,,,,,,,,,,,,,,,,,,,,,,,,
0bbbbccf-c4c3-4cec-b80e-e8972c665111,Breen Neighborhood Park,"11131 Polaris Dr, San Diego, CA 92126",32.92300521,-117.1301541,,24/7,,,,,,,City of San Diego,,,,,,,,,,,,,,,,,,,,,,,,,,
f2b6b340-ac0c-4564-b395-4caf2745238d,Kumeyaay-Ipai Interpretive Center,"13104 Ipai Waaypuk Trail, Poway, CA 92064",32.95406374,-117.0549377,,"4:00am - 10:00pm, daily",,,,,,,City of Poway,,,,,,,,,,,,,,,,,,,,,,,,,,
cb2fd10b-7921-4c2e-84c5-c2b0cb569091,Vacation Isle Park,"Vacation Isle Park, Hibiscus Ln, San Diego, CA 92109",32.77202639,-117.2383211,,24/7,,,,,,,City of San Diego,,,,,,,,,,,,,,,,,,,,,,,,,,
88e253f2-7724-42c4-9830-50263cec38f5,La Jolla Shores South,"10389 Vallecitos, La Jolla, CA 92037",32.8556701,-117.2579404,1,24/7,1,1,1,0,0,2,City of San Diego,3,53:04.3,,2,,,,,,,,,,,,,,,,,,,,,,
6198400c-3b63-4361-aa55-50cff90fbd8b,La Jolla Shores Park,"8300 La Vereda, La Jolla, CA 92037",32.85868133,-117.2561237,,24/7,,,,,,,City of San Diego,,55:36.3,,,,,,,,,,,,,,,,,,,,,,,,
9d9ba2d5-a0f8-4182-a544-f9ed6f147285,Crown Point Park South,"Crown Point Dr & Bayside Walk, San Diego, CA 92109",32.78280722,-117.2330565,0,,0,0,0,0,0,2,City of San Diego,1,5/19/22 16:00,,1,,,,,,,,,,,,,,,,,,,,,,
8120d624-55be-449e-865b-63dcfa24ad47,Mission Bay Park Playa Pacifica,"1093 E Mission Bay Dr, San Diego, CA 92109",32.78153095,-117.2110376,0,,,,,,,,City of San Diego,,,,,,,,,,,,,,,,,,,,,,,,,,
f53356c6-9cd3-4ebe-9e3b-bffbf777b3a0,Model Yacht Pond,"Vacation Isle Park, Hibiscus Ln, San Diego, CA 92109",32.77260373,-117.2362893,1,24/7,0,0,0,1,0,2,City of San Diego,1,2/23/22 17:27,,2,,,,,,,,,,,,,,,,,,,,,,
caf6edfb-61e4-4d45-bf2e-d6b5c9e4060b,South Shores Park,"S Shores Park Dy, San Diego, CA 92109",32.76411328,-117.2186393,0,,,,,,,,City of San Diego,,,,,,,,,,,,,,,,,,,,,,,,,,
937fa2bf-17d7-4d40-8716-f0607a40360d,Tecolote Shores,"1740 E Mission Bay Dr, San Diego, CA 92109",32.7761725,-117.2104007,0,,,,,,,,City of San Diego,,,,,,,,,,,,,,,,,,,,,,,,,,
99481d7d-525d-4d14-b2da-33c228f8c482,Ventura Cove Park,"3209 Gleason Rd, San Diego, CA 92109",32.77009358,-117.244254,0,,,,,,,,City of San Diego,,,,,,,,,,,,,,,,,,,,,,,,,,
0622238a-35b2-485b-8e39-8358c1e1ace4,Ski Beach Central,"1600 Vacation Rd, San Diego, CA 92109",32.776349,-117.233389,0,,,,,,,,City of San Diego,,,,,,,,,,,,,,,,,,,,,,,,,,
4fcbfbd4-8243-4eb0-b97b-3cb1bcbe6ae7,Oakcrest Park,"1219 Encinitas Blvd, Encinitas, CA 92024",33.04459588,-117.2653087,,"5:00am - 10:00pm, daily",,,,,,,City of Encinitas,,,,,,,,,,,,,,,,,,,,,,,,,,
5ad6251f-d0b0-49b7-8a28-e6e229395a69,Paul Ecke Sports Park,"200 Saxony Rd, Encinitas, CA 92024",33.05370438,-117.2869901,,"5:00am - 10:00pm, daily",,,,,,,City of Encinitas,,,,,,,,,,,,,,,,,,,,,,,,,,
da39ee97-ce75-45b1-8257-601e05926852,Prince Memorial Park Skatepark,"Alex Rd &, Foussat Rd, Oceanside, CA 92058",33.22136831,-117.344965,,"6:00am - 9:00pm, daily",,,,,,,City of Oceanside,,,,,,,,,,,,,,,,,,,,,,,,,,
4c368038-2abc-4cf8-95b9-58e15b84802f,Quivira Park,"792 Quivira Way, San Diego, CA 92109",32.75864662,-117.2423006,0,,,,,,,,City of San Diego,,,,,,,,,,,,,,,,,,,,,,,,,,
090262ac-a375-48ed-858c-9854c184ee0f,Skyline Hills Community Park,"8285 Skyline Dr, San Diego, CA 92114",32.70471042,-117.0250763,,Mon & Wed 10:00am - 8:00pm; Tues & Thurs 10:00am - 9:00pm; Fri 10:00am - 7:00pm; Sat 8:00am - 5:00pm; Sun Closed,,,,,,,City of San Diego,,,,,,,,,,,,,,,,,,,,,,,,,,
95bd6f1a-2a54-4266-8a5a-fc38bfdb96a3,Collier County Park,"626 E St, Ramona, CA 92065",33.0425025,-116.8612154,1,"5:00am - 10:00pm, daily",,,,,,,San Diego County,,,,,,,,,,,,,,,,,,,,,,,,,,
3bdbe0ed-e590-4d11-9a80-88778e38fb04,Cottonwood Creek Park,"95 N Vulcan Ave, Encinitas, CA 92024",33.04994133,-117.2913702,1,"5:00am - 10:00pm, daily",,,,,,,City of Encinitas,,,,,,,,,,,,,,,,,,,,,,,,,,
729b7f94-610f-46bc-aac0-4dc8c1856d93,Encinitas Community Park Playground,"425 Santa Fe Dr, Encinitas, CA 92024",33.03272149,-117.2826013,,"5:00am - 10:00pm, daily",,,,,,,City of Encinitas,,,,,,,,,,,,,,,,,,,,,,,,,,
611480ed-c839-49c7-9ee6-413205783d89,Encitinas Community Park,"425 Santa Fe Dr, Encinitas, CA 92024",33.03146962,-117.2798731,,"5:00am - 10:00pm, daily",,,,,,,City of Encinitas,,,,,,,,,,,,,,,,,,,,,,,,,,
279e8db3-7b3a-41fc-8d6f-12492a7302c8,Moonlight State Beach,"400 B St, Encinitas, CA 92024",33.04776711,-117.2973468,,"5:00am - 10:00pm, daily",,,,,,,State of CA,,,,,,,,,,,,,,,,,,,,,,,,,,
4fa86e17-91af-4fca-8528-7d368f5deeed,Mount San Miguel Park and Recreation Center,"2335 Paseo Veracruz, Chula Vista, CA 91914",32.67090481,-116.973745,,"5:00am - 10:00pm, daily",,,,,,,City of Chula Vista,,,,,,,,,,,,,,,,,,,,,,,,,,
dd3410ff-759b-4f26-88fd-bed294264966,Oceanside Harbor Lifeguard,"1304 N Pacific St, Oceanside, CA 92054",33.20537554,-117.3936956,1,"5:00am - 11:30pm, daily",1,0,0,0,0,2,City of Oceanside,3,9/24/22 14:29,,2,,,,,,,,,,,,,,,,,,,,,,
e378ead9-8d9e-4dbe-a02e-8fc784b66f23,Oceanside Harbor North Fishing Pier,"1400 N Harbor Dr, Oceanside, CA 92054",33.20838074,-117.3941881,1,"5:00am - 11:30pm, daily",1,0,0,1,0,2,City of Oceanside,1,1/24/22 15:01,,1,,,,,,,,,,,,,,,,,,,,,,
56403e4f-8d07-4449-8e60-972eb27d5795,Oceanside Harbor North Parking,"1620 N Harbor Dr, Oceanside, CA 92054",33.2113778,-117.3946187,1,"5:00am - 11:30pm, daily",1,0,0,1,0,2,City of Oceanside,1,1/24/22 14:56,,1,,,,,,,,,,,,,,,,,,,,,,
6a8dbc09-919c-4b13-966f-46e1ec1de41a,Marian Bear Memorial Park,"5491 Genessee Ave, San Diego, CA 92117",32.84549055,-117.1992477,,24/7,,,,,,,City of San Diego,,,,,,,,,,,,,,,,,,,,,,,,,,
33f923ac-c86f-47ad-b870-f7ffccdfb616,National City Golf Course,"1439 Sweetwater Rd, National City, CA 91950",32.6615215,-117.0840281,,"5:00am - 9:00pm, daily",,,,,,,City of National City,,,,,,,,,,,,,,,,,,,,,,,,,,
2ead864f-2b80-4022-98f6-b707589d1946,Oceanside Transit Center,"235 S Tremont St, Oceanside, CA 92054",33.19289496,-117.3791857,,"6:15am - 7:45pm, daily",,,,,,,Amtrak,,,,,,,,,,,,,,,,,,,,,,,,,,
1fc7c6c6-28b3-41f6-bb7a-e4402a7162bf,Marisol Park,"900 N Rancho Del Rey Pkwy, Chula Vista, CA 91910",32.64850921,-117.0274705,,"6:30am - 10:00pm, daily",,,,,,,City of Chula Vista,,,,,,,,,,,,,,,,,,,,,,,,,,
798c05e9-f2b5-4388-922f-a258dc2a6e1d,Mission Sports Park,"931 Bailey Ct, San Marcos, CA 92069",33.1452618,-117.1807667,,"6:30am - 10:00pm, daily",,,,,,,City of San Marcos,,,,,,,,,,,,,,,,,,,,,,,,,,
4b4e94a8-0eac-469b-9ace-cd9bafb7cad4,Mission Sports Park Field 8,"931 Bailey Ct, San Marcos, CA 92069",33.14573581,-117.1817834,,"6:30am - 10:00pm, daily",,,,,,,City of San Marcos,,,,,,,,,,,,,,,,,,,,,,,,,,
0f27b317-9b89-41d6-846d-d2dab9756ce0,Kearny Mesa Park,"520 Ciota's Way, San Diego, CA 92111",32.80142753,-117.167165,,24/7,,,,,,,City of San Diego,,,,,,,,,,,,,,,,,,,,,,,,,,
33abd676-ac63-4d99-868c-81dfbb26dd24,Las Palmas Park (2),1800 E 22nd St. National City CA 91950,32.66945566,-117.0843072,,"6:30am - 4:00pm, daily",,,,,,,City of National City,,,,,,,,,,,,,,,,,,,,,,,,,,
a6da7576-da82-4b8d-b17d-60ed01b3bd67,Kit Carson Adult Softball Complex,"3353 Casteneda Dr, Escondido, CA 92025",33.07151474,-117.0615993,1,Sunrise - Sunset,1,0,0,1,0,2,City of Escondido,3,6/19/24 15:53,,1,,,,,,,,,,,,,,,,,,,,,,
20781306-3735-4185-986c-527a4be0ef20,Kit Carson Arroyo de Oro Picnic Area,"3333 Bear Valley Pkwy, Escondido, CA 92025",33.08115087,-117.0608402,1,Sunrise - Sunset,1,0,0,1,0,2,City of Escondido,3,6/19/24 15:04,,1,,,,,,,,,,,,,,,,,,,,,,
78cad8e2-f6b9-48f0-9a4f-7c5ee493b4dc,Kit Carson Castaneda Drive,"3333 Bear Valley Pkwy, Escondido, CA 92025",33.08343769,-117.0607595,1,Sunrise - Sunset,1,0,0,1,0,2,City of Escondido,3,6/19/24 14:51,,1,,,,,,,,,,,,,,,,,,,,,,
074b91f4-edde-403d-b942-9ca699282889,Kit Carson Ampitheatre,"3333 Bear Valley Pkwy, Escondido, CA 92025",33.07860135,-117.0590081,0,"6:30am - 8:00pm, daily",2,2,2,1,3,2,City of Escondido,3,6/19/24 15:23,,1,,,,,,,,,,,,,,,,,,,,,,
f62a075d-55c7-4534-949c-5a79511c02c0,Kit Carson Escondido Youth Baseball,"3353 Casteneda Dr, Escondido, CA 92025",33.07461913,-117.0610535,,Sunrise - Sunset,,,,,,,City of Escondido,,6/19/24 15:45,,,,,,,,,,,,,,,,,,,,,,,,
e1616794-62d8-4a02-b113-2826a59d443b,Kit Carson Girls Softball Fields,"3353 Casteneda Dr, Escondido, CA 92025",33.07613737,-117.0596078,0,Sunrise - Sunset,2,0,2,1,3,2,City of Escondido,3,6/19/24 15:33,,1,,,,,,,,,,,,,,,,,,,,,,
91a809c9-f35a-4213-9bba-50392c569ee0,Kit Carson Park,"3333 Bear Valley Pkwy, Escondido, CA 92025",33.07856131,-117.0580843,1,Sunrise - Sunset,1,0,0,1,0,2,City of Escondido,3,6/19/24 15:16,,1,,,,,,,,,,,,,,,,,,,,,,
38307e9a-d172-4a15-b6df-7a71b22a7819,Kit Carson Play Area 5-12,"3333 Bear Valley Pkwy, Escondido, CA 92025",33.07337132,-117.0627712,,Sunrise - Sunset,,,,,,,City of Escondido,,6/19/24 15:49,,,,,,,,,,,,,,,,,,,,,,,,
b9086402-5a15-4aea-899d-021c18bb73f1,Loma Verde Park,"1420 Loma Ln, Chula Vista, CA 91911",32.60286928,-117.0467567,,"6:30am - 9:00pm, daily",,,,,,,City of Chula Vista,,,,,,,,,,,,,,,,,,,,,,,,,,
cff9ca39-faeb-4549-a21a-54ed4f9f7eae,Cardiff Sports Park,"1661 Lake Dr, Encinitas, CA 92024",33.02808707,-117.2654941,,"6:30am - 9:00pm, daily",,,,,,,City of Encinitas,,,,,,,,,,,,,,,,,,,,,,,,,,
ed6b24e3-32a2-4c49-b315-d21a67e1c311,Highland Ranch Park,"12140 Eastbourne Rd, San Diego, CA 92128",32.98246016,-117.0718252,1,24/7,1,0,0,1,0,2,City of San Diego,3,51:16.4,,1,,,,,,,,,,,,,,,,,,,,,,
dd62b8f3-17ba-47c4-b850-3f72033315e0,Los Ninos Park,"150 Teal St, Chula Vista, CA 91911",32.59859545,-117.0443646,,"6:00am - 10:30pm, daily",,,,,,,City of Chula Vista,,,,,,,,,,,,,,,,,,,,,,,,,,
8de014c9-5e59-4cfb-9152-da629be2e02d,Chula Vista Bayfront Park,"980 Marina Way, Chula Vista, CA 91910",32.62070336,-117.1030473,1,"6:00am - 10:30pm, daily",,,,,,,Port of San Diego,,,,,,,,,,,,,,,,,,,,,,,,,,
188e2a8c-a1b3-4fa4-ac7f-304c2a2187b2,Chula Vista Bayside Park,"999 Bayside Pkwy, Chula Vista, CA 91910",32.62849659,-117.1073971,,"6:00am - 10:30pm, daily",,,,,,,Port of San Diego,,,,,,,,,,,,,,,,,,,,,,,,,,
3abe906a-1e63-47d0-9582-51569a4a360e,Chula Vista Marina View Park,"900 Marina Pkwy, Chula Vista, CA 91910",32.62071384,-117.097381,,"6:00am - 10:30pm, daily",,,,,,,Port of San Diego,,,,,,,,,,,,,,,,,,,,,,,,,,
dfdafabb-9634-4bbf-9339-7e28a82bba0d,Embarcadero Marina North Park,"500 Kettner Blvd, San Diego, CA 92101",32.70691669,-117.1693811,1,"6:00am - 10:30pm, daily",1,0,0,1,0,2,Port of San Diego,1,7/19/22 18:30,,1,,,,,,,,,,,,,,,,,,,,,,
5d8dcbd3-d48d-429b-8795-40a5ac410b80,America's Cup Harbor,"4802 N Harbor Dr, San Diego, CA 92106",32.72453732,-117.2229791,0,"6:00am - 10:30pm, daily",,,,,,,Port of San Diego,,,,,,,,,,,,,,,,,,,,,,,,,,
e9d76262-f9e3-4498-9364-e35082e9345e,Bonita Long Canyon Park,"1745 Coltridge Ln, Bonita, CA 91902",32.65732283,-116.9940783,1,"6:00am - 10:30pm, daily",,,,,,,City of Chula Vista,,,,,,,,,,,,,,,,,,,,,,,,,,
3538be70-2220-4117-8066-a6a8487c1904,Cesar Chavez Park,"1449 Cesar E. Chavez Pkwy, San Diego, CA 92101",32.69653719,-117.1504149,1,"6:00am - 10:30pm, daily",1,0,0,1,0,2,Port of San Diego,1,10/19/22 19:15,,1,,,,,,,,,,,,,,,,,,,,,,
d944f230-8623-4f27-a6b9-9118c7520b70,Harbor Island Park,"1875 Harbor Island Drive, San Diego, CA 92101",32.72508659,-117.2066095,,"6:00am - 10:30pm, daily",,,,,,,Port of San Diego,,,,,,,,,,,,,,,,,,,,,,,,,,
db65551c-51d3-461a-a56b-8b498c328a6c,Horizon Park,"970 E Palomar St, Chula Vista, CA 91913",32.61739879,-117.0134909,,"6:00am - 10:30pm, daily",,,,,,,City of Chula Vista,,,,,,,,,,,,,,,,,,,,,,,,,,
d267c519-e885-4ffb-b360-0a3901fd4530,Shelter Island Shoreline Park,"2210 Shelter Island Dr, San Diego, CA 92106",32.71603406,-117.2232942,,"6:00am - 10:30pm, daily",,,,,,,Port of San Diego,,,,,,,,,,,,,,,,,,,,,,,,,,
5a041996-46b1-4951-8e3e-f22311f2ef1d,Spanish Landing Central,"3900 N Harbor Dr, San Diego, CA 92101",32.72899436,-117.2050883,,"6:00am - 10:30pm, daily",,,,,,,Port of San Diego,,,,,,,,,,,,,,,,,,,,,,,,,,
c8330ed3-dd9f-458d-b6cf-d57adde0012e,Balboa Park Zoo Drive,"1900 Zoo Pl, San Diego, CA 92101",32.73520543,-117.1484935,1,Unknown,1,0,1,0,0,2,City of San Diego,3,,,1,,,,,,,,,,,,,,,,,,,,,,
f990cf2a-e753-444d-9585-825f873b84ac,San Elijo Park,"1105 Elfin Forest Rd, San Marcos, CA 92078",33.10100355,-117.1989115,,6:00am - 10:00pm daily,,,,,,,City of San Marcos,,,,,,,,,,,,,,,,,,,,,,,,,,
62f49a4b-3d29-40fd-b865-69071e496c1f,San Elijo Park Hilltop Field,"1105 Elfin Forest Rd, San Marcos, CA 92078",33.10214053,-117.2005047,,6:00am - 10:00pm daily,,,,,,,City of San Marcos,,,,,,,,,,,,,,,,,,,,,,,,,,
5c765d8d-17c8-4e06-b982-f6f4f11ec76e,Sunshine Park,"4554 70th St, La Mesa, CA 91941",32.76199083,-117.0471059,,6:00am - 10:00pm daily,,,,,,,City of La Mesa,,,,,,,,,,,,,,,,,,,,,,,,,,
b5232537-dc97-49c5-a491-00d7dfdb6573,Mt. Acadia Neighborhood Park,"3901 Mt Acadia Blvd, San Diego, CA 92111",32.81228551,-117.1804811,,24/7,,,,,,,City of San Diego,,,,,,,,,,,,,,,,,,,,,,,,,,
6837d807-c940-4af1-87d3-2b3eb87a8afd,Nobel Recreation Center,"8810 Judicial Drive, San Diego, CA 92122",32.86697745,-117.1995078,,Mon & Thurs 10:00am - 9:00pm; Tues - Wed 10:00am - 8:00pm; Fri 10:00am - 7:00pm; Sat 9:00am - 4:00pm; Sun Closed,,,,,,,City of San Diego,,,,,,,,,,,,,,,,,,,,,,,,,,
3fd52726-1132-47d0-93ab-35c34b59a68f,Ocean Beach Robb Field Baseball,"2525 Bacon St, San Diego, CA 92107",32.75391599,-117.2433446,1,During Field Use,0,0,0,1,0,2,City of San Diego,3,58:38.6,,1,,,,,,,,,,,,,,,,,,,,,,
edaf02c5-d4c6-4f5a-ae1d-cdc5564fd5f3,Ocean Beach Robb Field Skate Park,"2525 Bacon St, San Diego, CA 92107",32.75547355,-117.2376516,1,10:00am to Dusk,1,1,0,1,0,2,City of San Diego,3,6/8/24 16:48,,1,,,,,,,,,,,,,,,,,,,,,,
c6f93c2d-33ae-47c2-b9af-6a8c7f7d2707,Point Loma Community Park,"1049 Catalina Blvd, San Diego, CA 92107",32.72497778,-117.2436417,,6:00am - 10:00pm daily,,,,,,,City of San Diego,,,,,,,,,,,,,,,,,,,,,,,,,,
e53dcbe3-1c7d-419c-ad69-10fc9536e97a,Presidio Park Cosoy Way,"2811 Jackson St, San Diego, CA 92110",32.75776944,-117.1920944,,24/7,,,,,,,City of San Diego,,,,,,,,,,,,,,,,,,,,,,,,,,
8a4d071e-ee4e-42c8-a54c-ad44fa3483c1,Presidio Park Serra Palm,"4398 Taylor St., San Diego, CA  92110",32.75926689,-117.1960399,,24/7,,,,,,,City of San Diego,,,,,,,,,,,,,,,,,,,,,,,,,,
4a3406ee-f5f2-4440-8ac1-cb9654f43420,San Juan Cove,"816 El Carmel Pl, San Diego, CA 92109",32.77883583,-117.2487948,0,,,,,,,,City of San Diego,,,,,,,,,,,,,,,,,,,,,,,,,,
73f75ae1-c359-4a7b-84a5-986509206dce,Scripps Ranch Community Park,"11454 Blue Cypress Dr, San Diego, CA 92131",32.92712637,-117.0790109,,24/7,,,,,,,City of San Diego,,,,,,,,,,,,,,,,,,,,,,,,,,
099f6b3b-eb6a-4bbe-9fb2-15642a9fc93b,Shelter Island Pier,"1776 Shelter Island Dr, San Diego, CA 92106",32.7116793,-117.2288245,,6:00am - 10:30pm daily,,,,,,,Port of San Diego,,,,,,,,,,,,,,,,,,,,,,,,,,
9324ffc6-ac86-4c87-b25a-e461b1603c99,Torrey Hills Park,"4260 Calle Mejillones, San Diego, CA 92130",32.91732539,-117.2226647,,24/7,,,,,,,City of San Diego,,,,,,,,,,,,,,,,,,,,,,,,,,
63f858da-3c81-464f-8240-2b6f297c7400,Briercrest Park,"9001 Wakarusa St, La Mesa, CA 91942",32.78075192,-117.0027531,,"6:00am - 10:00pm, daily",,,,,,,City of La Mesa,,,,,,,,,,,,,,,,,,,,,,,,,,
cf3174c3-2648-43bc-9456-0ca35094e972,Dorothy Petway Neighborhood Park,"1367 Rigel St., San Diego, CA  92113",32.69208873,-117.1187656,,"6:00am - 10:00pm, daily",,,,,,,City of San Diego,,,,,,,,,,,,,,,,,,,,,,,,,,
a583ad85-5cd6-405a-9b50-475f2e07bbc4,East Clairemont Athletic Area,"3451 Mt Acadia Blvd, San Diego, CA 92111",32.80327514,-117.1838169,,24/7,,,,,,,City of San Diego,,,,,,,,,,,,,,,,,,,,,,,,,,
ad4944cf-5342-43e5-9d91-915046591aa9,Elizabeth Rabbitt Neighborhood Park,"6620 Duck Pond Ln, San Diego, CA 92130",32.94060278,-117.1823167,,24/7,,,,,,,City of San Diego,,,,,,,,,,,,,,,,,,,,,,,,,,
e00200cf-4cea-4349-9423-a6bd9f982cd6,Fletcher Cove Beach Park,"111 S Sierra Ave, Solana Beach, CA 92075",32.99157584,-117.2738388,1,"6:00am - 10:00pm, daily",1,1,1,0,0,2,City of Solana Beach,3,6/15/24 12:57,,2,,,,,,,,,,,,,,,,,,,,,,
a097df3a-632c-4e9f-a867-cbc33f8a5d82,Gompers Park,"4926 Hilltop Dr, San Diego, CA 92102",32.71591679,-117.0885949,,24/7,,,,,,,City of San Diego,,,,,,,,,,,,,,,,,,,,,,,,,,
2b450e29-44a9-4c45-ab46-8a6953bbee8f,Highwood Park,"4200 Parks Ave, La Mesa, CA 91941",32.75530387,-117.0284013,,6:00am - 10:00pm daily,,,,,,,City of La Mesa,,,,,,,,,,,,,,,,,,,,,,,,,,
90e09ca4-407b-44b2-b05c-70fcc907fd3d,Hollandia Park,"12 Mission Hills Ct, San Marcos, CA 92069",33.14639363,-117.1424817,,6:00am - 10:00pm daily,,,,,,,City of San Marcos,,,,,,,,,,,,,,,,,,,,,,,,,,
5b4faf98-9bf3-46aa-8e66-c30f75a64b1a,Hollandia Park Ball Fields,"12 Mission Hills Ct, San Marcos, CA 92069",33.14718522,-117.1457848,,6:00am - 10:00pm daily,,,,,,,City of San Marcos,,,,,,,,,,,,,,,,,,,,,,,,,,
057d503f-667c-48af-9362-ef6d4f872446,Hollandia Park Skate Board Park,"12 Mission Hills Ct, San Marcos, CA 92069",33.14627008,-117.1441071,,6:00am - 10:00pm daily,,,,,,,City of San Marcos,,,,,,,,,,,,,,,,,,,,,,,,,,
43aecd53-b480-4822-a421-3f46bfd8439e,Jackson Park,"5870 Jackson Dr, La Mesa, CA 91942",32.78577934,-117.019999,1,6:00am - 10:00pm daily,1,0,0,1,0,2,City of La Mesa,3,40:34.4,,1,,,,,,,,,,,,,,,,,,,,,,
5dcbb030-d8db-40a8-8eb3-fe5631280728,Jim Wood Park at Rancho Del Oro,"4755 Rancho Del Oro Park, Oceanside, CA 92056",33.22346707,-117.2899367,,6:00am - 9:00pm daily,,,,,,,City of Oceanside,,,,,,,,,,,,,,,,,,,,,,,,,,
47950b68-38a1-4600-9bdc-8de170b8bbf4,Lake View Park,"10794 Mira Lago Terrace, San Diego, CA 92131",32.91821073,-117.0868209,,7:00am to Dusk,,,,,,,City of San Diego,,,,,,,,,,,,,,,,,,,,,,,,,,
71e7a898-4cba-4c5d-9b39-680d9f5728ed,Lauderbach Park,"339 Oxford St, Chula Vista, CA 91911",32.60870906,-117.0693358,,6:00am - 10:00pm daily,,,,,,,City of Chula Vista,,,,,,,,,,,,,,,,,,,,,,,,,,
b68916a3-16a3-43e9-86c6-128bf93df5cd,Magee Park,"258 Beech Ave, Carlsbad, CA 92008",33.16124449,-117.3543607,,8:00am - 10:00pm daily,,,,,,,City of Carlsbad,,,,,,,,,,,,,,,,,,,,,,,,,,
0b059b18-a3b9-463d-b5af-29ea3f45a082,Overlook Park,"11417 Scripps Ranch Blvd, San Diego, CA 92131",32.92127782,-117.1020378,,7:00am to Dusk,,,,,,,City of San Diego,,,,,,,,,,,,,,,,,,,,,,,,,,
fc323bc6-780d-4fba-a26e-31b9c174a228,La Jolla Cove,"1100 Coast Blvd, La Jolla, CA 92037",32.85021789,-117.2734622,,24/7,,,,,,,City of San Diego,,,,,,,,,,,,,,,,,,,,,,,,,,
1d514ded-4ecc-4122-a1a7-c3b768c84a6b,Spanish Landing East,"3900 N Harbor Dr, San Diego, CA 92101",32.72896679,-117.2015562,,"6:00am - 10:30pm, daily",,,,,,,Port of San Diego,,,,,,,,,,,,,,,,,,,,,,,,,,
b2e47fda-a9aa-4473-959b-222afc1d2a04,Pine Avenue Park,"755 Chestnut Ave, Carlsbad, CA 92008",33.15804368,-117.3424213,1,"6:00am - 11:00pm, daily",1,0,0,1,0,2,City of Carlsbad,3,6/29/24 18:14,,1,,,,,,,,,,,,,,,,,,,,,,
13717f8a-96dd-4242-a101-699ec93c74da,Canyonside Community Park,"4 Canyonside Park Dr, San Diego, CA 92129",32.94204552,-117.1334468,,7:00am - 8:00pm,,,,,,,City of San Diego,,,,,,,,,,,,,,,,,,,,,,,,,,
a34c05c8-62ea-42e0-b98f-af207c2930ff,Canyonside Park Tennis Courts,"12350 Black Mountain Rd, San Diego, CA 92129",32.94249055,-117.1317358,,"8:00am - 9:45pm, daily",,,,,,,City of San Diego,,,,,,,,,,,,,,,,,,,,,,,,,,
776a8b89-175a-441e-82c4-b7c3db5c1457,Los Penasquitos Adobe,"12122 Canyonside Park Driveway, San Diego, CA 92129",32.93879175,-117.13943,,8:00am to Sunset,,,,,,,San Diego County,,,,,,,,,,,,,,,,,,,,,,,,,,
764af630-7492-4fcd-88dd-ef435b3771dc,Lamar County Park,"3180 Bancroft Dr, Spring Valley, CA 91977",32.74055979,-117.0062484,,"6:00am - 6:30pm, daily",,,,,,,San Diego County,,,,,,,,,,,,,,,,,,,,,,,,,,
65fd591d-0585-4191-8b3c-6fd3ff19b569,All Seasons Park,"1825 Magdalena Ave, Chula Vista, CA 91913",32.61264685,-116.9757641,,"6:00am - 6:00pm, daily",,,,,,,City of Chula Vista,,,,,,,,,,,,,,,,,,,,,,,,,,
e14b4dc2-5f82-4f0c-8c21-a52dcbb5e35e,Grape Day Park,"321 N Broadway, Escondido, CA 92025",33.12465449,-117.0831666,,"6:00am - 6:00pm, daily",,,,,,,City of Escondido,,,,,,,,,,,,,,,,,,,,,,,,,,
7d20cc1a-5b80-4314-9d3a-3a36ce9b9291,Lake Park,"4994 Lake Blvd, Oceanside, CA 92056",33.17380076,-117.2554184,,"6:00am - 9:00pm, daily",,,,,,,City of Oceanside,,,,,,,,,,,,,,,,,,,,,,,,,,
7c870bc6-3caf-422b-a07b-f8025661e4c5,Shadow Hill Park,"9161 Shadow Hill Rd, Santee, CA 92071",32.84138262,-116.9544825,,"6:00am - 7:00pm, daily",,,,,,,City of Santee,,,,,,,,,,,,,,,,,,,,,,,,,,
f925423e-c565-4ff1-811f-5a87da6a166e,Crown Cove Aquatic Center,"5000 CA-75, Coronado, CA 92118",32.63503466,-117.1405042,,"6:00am - 7:00pm, daily",,,,,,,Southwestern College,,,,,,,,,,,,,,,,,,,,,,,,,,
208d00ec-1f52-433f-9a43-9f17d13b7aec,Lakeside County Park,"12660 Lindo Ln, Lakeside, CA 92040",32.85752701,-116.9193089,,"7:30am - 30 minutes before sunset, daily",,,,0,,,San Diego County,,23:11.1,,,,,,,,,,,,,,,,,,,,,,,,
20695108-5d45-40c1-89b7-4db2f81d308a,Lindo Lake County Park,"12660 Lindo Ln, Lakeside, CA 92040",32.85974085,-116.9164278,1,Sunrise - Sunset,1,1,0,0,0,2,San Diego County,3,7/8/23 19:02,,1,,,,,,,,,,,,,,,,,,,,,,
e1102580-e4ea-4f41-bae8-e44a326f1aeb,Silverset Neighborhood Park,"14795 Silverset St, Poway, CA 92064",32.98095,-117.0509111,1,Sunrise to Sunset,1,0,0,1,0,2,City of Poway,3,56:24.6,,1,,,,,,,,,,,,,,,,,,,,,,
ba2532f8-b38a-4ed7-a88e-34a83bbab571,Woodglen Vista Park,"10250 Woodglen Vista Dr, Santee, CA 92071",32.8668209,-116.9744286,,"6:00am - 8:00pm, daily",,,,,,,City of Santee,,,,,,,,,,,,,,,,,,,,,,,,,,
4fa3b963-fc44-4bb2-9fea-d491c286699f,Discovery Lake Lakeview Park,"650 Foxhall Dr, San Marcos, CA 92078",33.12447872,-117.1787532,,"6:00am - 8:00pm, daily",,,,,,,City of San Marcos,,,,,,,,,,,,,,,,,,,,,,,,,,
e0eb81e5-2167-4c8b-9ebc-452c567ec139,Brengle Terrace Park,"1200 Vale Terrace Dr, Vista, CA 92084",33.20776136,-117.2209579,,"6:00am - 8:00pm, daily",,,,,,,City of Vista,,,,,,,,,,,,,,,,,,,,,,,,,,
57e8d444-47fd-4025-93a2-acbe9439205b,Double Peak Park,"900 Double Peak Dr, San Marcos, CA 92078",33.10918433,-117.1772195,,"6:00am - 8:00pm, daily",,,,,,,City of San Marcos,,,,,,,,,,,,,,,,,,,,,,,,,,
aa2ef11a-bd9c-45b6-9828-0f4f9430cb29,Hilton Head County Park,"1605 Hilton Head Rd, El Cajon, CA 92019",32.74481834,-116.9244073,,"6:00am - 8:00pm, daily",,,,,,,San Diego County,,,,,,,,,,,,,,,,,,,,,,,,,,
bbb18df0-e639-486f-84a5-5afb9da2e344,Luiseño Park,"1069 Teal Way, Oceanside, CA 92057",33.27256237,-117.2974677,,6:00am - 9:00pm daily,,,,,,,City of Oceanside,,,,,,,,,,,,,,,,,,,,,,,,,,
43ef150b-13e1-4e0b-b16f-321b14fd58e6,Oak Riparian Park,"4625 Lake Blvd, Oceanside, CA 92056",33.17682202,-117.270023,,6:00am - 9:00pm daily,,,,,,,City of Oceanside,,,,,,,,,,,,,,,,,,,,,,,,,,
c87e2ce2-ad7d-41fc-95c1-3024b54a2a30,Torrey Highlands Park,"9936 Torrey Highlands Park Rd, San Diego, CA 92130",32.96016292,-117.2218948,,24/7,,,,,,,City of San Diego,,,,,,,,,,,,,,,,,,,,,,,,,,
5dbfbcee-0501-4a87-9dcc-c7bd4a6dfe4f,Buddy Todd Park,"2800 Mesa Dr, Oceanside, CA 92054",33.20775329,-117.3475791,,"6:00am - 9:00pm, daily",,,,,,,City of Oceanside,,,,,,,,,,,,,,,,,,,,,,,,,,
15bd3bed-9b5d-4bbc-aa95-2390aca960c1,Capistrano Park,"770 Capistrano Dr, Oceanside, CA 92058",33.21111923,-117.3814289,,"6:00am - 9:00pm, daily",,,,,,,City of Oceanside,,,,,,,,,,,,,,,,,,,,,,,,,,
7019d8e9-c929-42de-aa50-a51586784a08,Mance Buchanon Park (Center),"425 College Blvd, Oceanside, CA 92057",33.24580629,-117.2995503,,6:00am - 9:00pm daily,,,,,,,City of Oceanside,,,,,,,,,,,,,,,,,,,,,,,,,,
a2aae912-ac96-476a-bf7b-ead9de75db70,Mance Buchanon Park (End),"425 College Blvd, Oceanside, CA 92057",33.2487304,-117.2977061,,6:00am - 9:00pm daily,,,,,,,City of Oceanside,,,,,,,,,,,,,,,,,,,,,,,,,,
bff7cf37-d9a9-45eb-a68d-083f5d021f81,Oceanside Martin Luther King Jr Park,"4300 Mesa Dr, Oceanside, CA 92057",33.21570795,-117.3066383,,6:00am - 9:00pm daily,,,,,,,City of Oceanside,,,,,,,,,,,,,,,,,,,,,,,,,,
8763b2b3-0470-4fc3-a208-e3744522ba12,Martin Luther King Jr. Skatepark (Oceanside),"4300 Mesa Dr, Oceanside, CA 92057",33.21661523,-117.3047572,,Daylight hours only,,,,,,,City of Oceanside,,,,,,,,,,,,,,,,,,,,,,,,,,
89c8099e-0700-461a-aa30-12a45882f359,Melba Bishop Park,"5306 N River Rd, Oceanside, CA 92057",33.25680101,-117.2921107,,6:00am - 9:00pm daily,,,,,,,City of Oceanside,,,,,,,,,,,,,,,,,,,,,,,,,,
c6b3eb88-e25b-4e95-8772-f2768ed955e9,Cypress Canyon Park,"11480 Cypress Canyon Rd, San Diego, CA 92131",32.92456952,-117.0650103,1,24/7,,,,,,,City of San Diego,,,,,,,,,,,,,,,,,,,,,,,,,,
65599e93-8422-4223-843b-2a32063f3b8f,Nancy Jane County Park,"120 N Park Dr, El Cajon, CA 92021",32.80979818,-116.8644413,,"7:30am - 7:00pm, daily",,,,,,,San Diego County,,,,,,,,,,,,,,,,,,,,,,,,,,
bb1347c3-7d5d-4f96-ace9-ee35c05937fa,Connor's Park,"320 W San Marcos Blvd, San Marcos, CA 92069",33.14061703,-117.1696495,0,"7:30am - 8:30pm, daily",,,,,,,City of San Marcos,,,,,,,,,,,,,,,,,,,,,,,,,,
4e7cefa7-b83c-44c4-b6c1-bdb67ff0a0a9,Carlsbad Poinsettia,"6511 Avenida Encinas, Carlsbad, CA 92011",33.10918865,-117.3187941,,"Sat - Sun 7:36am - 9:16pm, Mon - Thurs 5:16am - 7:36pm, Fri 5:16am - 9:16pm",,,,,,,Amtrak,,,,,,,,,,,,,,,,,,,,,,,,,,
f68a1765-c0fc-4c09-b691-e5569973d84f,Carlsbad Village Transit Center,"2775 State St, Carlsbad, CA 92008",33.16133207,-117.3513408,,"Sat - Sun 7:36am - 9:16pm, Mon - Thurs 5:16am - 7:36pm, Fri 5:16am - 9:16pm",,,,,,,Amtrak,,,,,,,,,,,,,,,,,,,,,,,,,,
908e11ac-3ae0-4a85-b7fe-d30e1ad60337,Hilltop Park,"780 Hilltop Dr, Chula Vista, CA 91911",32.62889986,-117.0618244,,"7:00am - 10:00pm, daily",,,,,,,City of Chula Vista,,,,,,,,,,,,,,,,,,,,,,,,,,
ab939014-8dd5-480a-92a7-48407c02c507,Stylus Park,"2025 Stella St, Chula Vista, CA 91915",32.61945276,-116.9647242,,"7:00am - 10:00pm, daily",,,,,,,Unknown,,,,,,,,,,,,,,,,,,,,,,,,,,
14df2dd9-92cc-462e-82b1-c685fea469eb,Arbolitos Sports Fields,"14401 Pomerado Rd, Poway, CA 92064",32.975718,-117.0620677,,"7:00am - 10:00pm, daily",,,,,,,City of Poway,,,,,,,,,,,,,,,,,,,,,,,,,,
a80b5536-fa88-4503-9b72-b9430cebff1a,Orange Park (Chula Vista),"341 Orange Ave, Chula Vista, CA 91911",32.60116309,-117.0679593,,"7:00am - 10:00pm, daily",,,,,,,City of Chula Vista,,,,,,,,,,,,,,,,,,,,,,,,,,
3b0f9cf1-6536-4ff3-adc2-827771f4e165,Otay Park,"1613 Albany Ave, Chula Vista, CA 91911",32.59735754,-117.057877,,"7:00am - 10:00pm, daily",,,,,,,City of Chula Vista,,,,,,,,,,,,,,,,,,,,,,,,,,
64f928c4-a9ca-4a4c-b02c-140731f23393,Rohr Park,"4548 Sweetwater Rd, Bonita, CA 91902",32.66513855,-117.032499,,"7:00am - 10:00pm, daily",,,,,,,City of Chula Vista,,,,,,,,,,,,,,,,,,,,,,,,,,
5857179f-3c20-4269-be1e-582afdce95f4,Rohr Park Baseball,"4548 Sweetwater Rd, Bonita, CA 91902",32.66589521,-117.028966,,"7:00am - 10:00pm, daily",,,,,,,City of Chula Vista,,,,,,,,,,,,,,,,,,,,,,,,,,
7f11f41c-7db1-4710-8312-cf0f8c0c1bbb,Rohr Park Playground,"4548 Sweetwater Rd, Bonita, CA 91902",32.66473521,-117.0369727,,"7:00am - 10:00pm, daily",,,,,,,City of Chula Vista,,,,,,,,,,,,,,,,,,,,,,,,,,
4c94eac0-c181-4608-b366-0e67c7adfcae,Rolando Park,"6600 Vigo Dr, La Mesa, CA 91942",32.75807896,-117.0527883,,"7:00am - 10:00pm, daily",,,,,,,City of La Mesa,,,,,,,,,,,,,,,,,,,,,,,,,,
3cad9d3e-8fd4-4b8a-909b-16ca7d577817,Voyager Park,"E J St, Chula Vista, CA 91910",32.62959412,-117.0060715,,"7:00am - 10:00pm, daily",,,,,,,City of Chula Vista,,,,,,,,,,,,,,,,,,,,,,,,,,
cbb45958-1c8c-4eff-aa05-5806356827bc,Windingwalk Park,"1675 Exploration Falls Dr, Chula Vista, CA 91915",32.62345304,-116.9561807,,"7:00am - 10:00pm, daily",,,,,,,City of Chula Vista,,,,,,,,,,,,,,,,,,,,,,,,,,
7b0d4109-605c-4c63-800c-21f34257293e,4S Ranch Sports Park,"16118 4S Ranch Pkwy, San Diego, CA 92127",33.00422902,-117.1197053,,Mon - Fri 8:00am - 4:00pm,,,,,,,San Diego County,,,,,,,,,,,,,,,,,,,,,,,,,,
288949d8-a16d-461e-aae3-b62df2270ff1,Rancho Bernardo Gazebo,"18448 W Bernardo Dr, San Diego, CA 92127",33.04709821,-117.0756946,,24/7,,,,,,,City of San Diego,,,,,,,,,,,,,,,,,,,,,,,,,,
16adcb73-9f45-49b8-af43-d28c425c79db,Cottonwood Park,"1778 E Palomar St, Chula Vista, CA 91913",32.63228975,-116.9821904,,"7:00am - 10:00pm, daily",,,,,,,City of Chula Vista,,,,,,,,,,,,,,,,,,,,,,,,,,
b09a53c6-cc1b-46aa-b1aa-a2d9b1692ae8,Kate Sessions Park,"5115 Soledad Rd, San Diego, CA 92109",32.81103202,-117.2378103,1,24/7,0,0,0,1,0,2,City of San Diego,1,,,1,,,,,,,,,,,,,,,,,,,,,,
3c87577e-6483-499d-b253-fc234f068304,Chula Vista Memorial Park,"360 3rd Ave, Chula Vista, CA 91910",32.63879122,-117.0793318,,"7:00am - 10:00pm, daily",,,,,,,City of Chula Vista,,,,,,,,,,,,,,,,,,,,,,,,,,
ea5a6f16-265f-496f-94e9-be3999b3c82d,Mountain Hawk Park,"1475 Lake Crest Dr, Chula Vista, CA 91915",32.63584041,-116.9338283,,"7:00am - 10:00pm, daily",,,,,,,City of Chula Vista,,,,,,,,,,,,,,,,,,,,,,,,,,
30ca2a37-e26b-4764-9b45-b04a2edec6b7,Salt Creek Field,"2710 Otay Lakes Rd, Chula Vista, CA 91915",32.64156138,-116.9450731,,"7:00am - 10:00pm, daily",,,,,,,City of Chula Vista,,,,,,,,,,,,,,,,,,,,,,,,,,
c622d5d4-b839-40f0-9e74-5f442b080b6e,Vista Sports Park,"1600 Sports Park Way, Vista, CA 92083",33.22628811,-117.2585965,,"7:00am - 5:00pm, daily",,,,,,,City of Vista,,,,,,,,,,,,,,,,,,,,,,,,,,
d92209b2-adcf-4871-b20c-d608da6f9132,Coronado Cays Park,"101 Grand Caribe Causeway, Coronado, CA 92118",32.62251412,-117.1352774,,"7:00am - 6:00pm, daily",,,,,,,City of Coronado,,,,,,,,,,,,,,,,,,,,,,,,,,
102237f9-c594-4abb-aeab-07589eb23186,Berry Street Park,"7071 Mt Vernon St, Lemon Grove, CA 91945",32.73125194,-117.0448371,,"7:00am - 7:00pm, daily",,,,,,,City of Lemon Grove,,,,,,,,,,,,,,,,,,,,,,,,,,
c4635b56-0800-4596-9525-b302cdbe5b84,Carmel Creek Neighborhood Park,"4260 Carmel Center Rd, San Diego, CA 92130",32.95189356,-117.22472,1,24/7,,,,,,,City of San Diego,,,,,,,,,,,,,,,,,,,,,,,,,,
a0b6749d-05ce-4b2c-939f-22f3ea9912fe,Starridge Park,"13745 Carriage Rd, Poway, CA 92064",32.96441111,-117.0523,,"7:00am - 7:00pm, daily",,,,,,,City of Poway,,,,,,,,,,,,,,,,,,,,,,,,,,
1500cafe-ecb9-4f48-bc2a-b1fd4517b20d,Buena Vista Park,"1601 Shadowridge Dr, Vista, CA 92081",33.15779619,-117.2464578,,"7:00am - 7:00pm, daily",,,,,,,City of Vista,,,,,,,,,,,,,,,,,,,,,,,,,,
c71c8799-8069-4418-b51e-2b9ca6e746c8,Equestrian Circle,"14450 Equestrian Cir, San Diego, CA 92124",32.84674415,-117.030307,1,"8:00am - 7:00pm, daily",1,1,1,1,0,2,City of San Diego & Mission Trail Regional Park,3,09:46.0,,3,,,,,,,,,,,,,,,,,,,,,,
3575eccc-7101-4f07-83f1-e488b28bae56,Laguna Riviera Park,"4885 Kelly Dr, Carlsbad, CA 92008",33.14674872,-117.3119649,,"8:00am - 10:00pm, daily",,,,,,,City of Carlsbad,,,,,,,,,,,,,,,,,,,,,,,,,,
eb6dd71c-932b-4574-9472-944711e2082b,Woodland Park,"671 Woodland Pkwy, San Marcos, CA 92069",33.14931728,-117.1318199,,"7:00am - 8:30pm, daily",,,,,,,City of San Marcos,,,,,,,,,,,,,,,,,,,,,,,,,,
d799c90c-a5d3-443a-bb2b-fccf10cdb1f8,La Mesa Sunset Park,"5540 Lake Park Way, La Mesa, CA 91942",32.78174803,-117.0377124,1,"7:00am - 8:00pm, daily",1,0,0,1,0,2,City of La Mesa,3,20:52.3,,1,,,,,,,,,,,,,,,,,,,,,,
8f6d0e65-1a00-4b5d-b348-b6502684b1ba,Mulberry Park,"751 Mulberry Dr, San Marcos, CA 92069",33.15224643,-117.147931,,"7:00am - 8:00pm, daily",,,,,,,City of San Marcos,,,,,,,,,,,,,,,,,,,,,,,,,,
68b31131-afdb-4447-be25-a6ab85395bf2,Richmar Park,"110 Richmar Ave, San Marcos, CA 92069",33.14470495,-117.163585,,"7:00am - 8:00pm, daily",,,,,,,City of San Marcos,,,,,,,,,,,,,,,,,,,,,,,,,,
ed53d962-f248-4647-80ed-985afa0996c6,Westside Park,"803 W 3rd Ave, Escondido, CA 92025",33.1144529,-117.0894438,,"7:00am - 8:00pm, daily",,,,,,,City of Escondido,,,,,,,,,,,,,,,,,,,,,,,,,,
aeeedccc-849c-441d-a01f-fdd95f6da418,Breeze Hill Park,"645 S Melrose Dr, Vista, CA 92081",33.18649612,-117.2537383,,"7:00am - 8:00pm, daily",,,,,,,City of Vista,,,,,,,,,,,,,,,,,,,,,,,,,,
c2dc7711-e9f2-4d1c-81d6-743c8bfa56d6,Emerald Hills Neighborhood Park,"1501 Kelton Rd, San Diego, CA 92114",32.7212173,-117.074444,1,"7:00am - 8:00pm, daily",,,,,,,City of San Diego,,,,,,,,,,,,,,,,,,,,,,,,,,
0eef5caf-b812-47cc-b981-575619bb36be,San Marcos Sunset Park,"803 Puesta Del Sol, San Marcos, CA 92078",33.14517238,-117.2104282,,"7:00am - 9:00pm, daily",,,,,,,City of San Marcos,,,,,,,,,,,,,,,,,,,,,,,,,,
86deabf8-1de3-4702-9a11-a38b9e8c05fc,San Marcos Sunset Park Dog Park,"803 Puesta Del Sol, San Marcos, CA 92078",33.14656138,-117.2136361,,"7:00am - 9:00pm, daily",,,,,,,City of San Marcos,,,,,,,,,,,,,,,,,,,,,,,,,,
910e65d6-5eaf-4ad4-8d30-1ac85ff0ab5c,Sunset View Park,"1390 S Greensview Dr, Chula Vista, CA 91915",32.63343923,-116.9619584,,"7:00am - 9:00pm, daily",,,,,,,City of Chula Vista,,,,,,,,,,,,,,,,,,,,,,,,,,
fb11ea98-1d01-4346-b4d7-8c0cdfe6820a,Sycamore Canyon Park,"13745 Stonebridge Pkwy, San Diego, CA 92131",32.92230124,-117.0394295,,24/7,,,,,,,City of San Diego,,,,,,,,,,,,,,,,,,,,,,,,,,
e044e9d5-aac8-4f64-8a25-d399d86d1db9,Grove Park,"745 N Ash St, Escondido, CA 92026",33.13627599,-117.071396,,"7:00am - 9:00pm, daily",,,,,,,City of Escondido,,,,,,,,,,,,,,,,,,,,,,,,,,
97e864ab-bfae-4ffa-9f26-d6bc1c6ffa26,El Cajon City Park,"551 E Park Ave, El Cajon, CA 92020",32.79853122,-116.9543756,,"7:00am - 9:00pm, daily",,,,,,,City of El Cajon,,,,,,,,,,,,,,,,,,,,,,,,,,
5cd918bd-6ac7-4a6f-bc8a-3c2e7f08f0dc,Cardiff Beach,"2500 S Coast Hwy 101, Cardiff, CA 92007",33.01470395,-117.2805995,,"7:00am to Sunset, daily",,,,,,,State of CA,,,,,,,,,,,,,,,,,,,,,,,,,,
b1011337-1aa2-472f-ad6b-769b653663ed,Cardiff State Beach Tower 10,"355 S Coast Hwy 101, Solana Beach, CA 92075",33.00177069,-117.2771885,,"7:00am to Sunset, daily",,,,,,,State of CA,,,,,,,,,,,,,,,,,,,,,,,,,,
53794547-593a-4d13-8e3e-0e7a641e9354,Harmony Grove Park,"2909 Harmony Grove Rd, Escondido, CA 92029",33.09931056,-117.1342916,,"8:00am to one hour before sunset, daily",,,,,,,San Diego County,,,,,,,,,,,,,,,,,,,,,,,,,,
195309da-c10f-4004-8fea-fa4dd774dfcd,Poinsettia Park,"6600 Hidden Valley Rd, Carlsbad, CA 92011",33.11387542,-117.3069532,,"8:00am to Sunset, daily",,,,,,,City of Carlsbad,,,,,,,,,,,,,,,,,,,,,,,,,,
f461348a-df27-4407-841a-49897024d538,Poinsettia Park Playground,"6600 Hidden Valley Rd, Carlsbad, CA 92011",33.11543511,-117.3079322,,"8:00am - 10:00pm, daily",,,,,,,City of Carlsbad,,,,,,,,,,,,,,,,,,,,,,,,,,
01ae36d4-0de4-4b94-90ab-b1f06674bf60,Santa Venetia Park,"1500 Magdalena Ave, Chula Vista, CA 91913",32.62551153,-116.9766034,,"8:00am - 10:00pm, daily",,,,,,,City of Chula Vista,,,,,,,,,,,,,,,,,,,,,,,,,,
091cf1eb-34ac-4795-9eca-c185bf9e45c9,Vista La Mesa Park,"3956 Marian St, La Mesa, CA 91941",32.74894604,-117.047931,,"8:00am - 10:00pm, daily",,,,,,,City of La Mesa,,,,,,,,,,,,,,,,,,,,,,,,,,
af9fd287-190b-4ccb-bedd-289fb2f5a472,Aviara Community Park,"6435 Ambrosia Ln, Carlsbad, CA 92011",33.11439837,-117.2829809,1,"8:00am - 10:00pm, daily",,,,,,,City of Carlsbad,,,,,,,,,,,,,,,,,,,,,,,,,,
6569d9aa-73c2-435e-9985-66527b3480b3,Hidden Canyon Community Park,"2685 Vancouver St, Carlsbad, CA 92010",33.17312359,-117.3154652,,"8:00am - 10:00pm, daily",,,,,,,City of Carlsbad,,,,,,,,,,,,,,,,,,,,,,,,,,
493d9727-e397-4907-bb4e-eda38c692deb,La Costa Canyon Park,"3018 Pueblo St, Carlsbad, CA 92009",33.08940047,-117.242054,,"8:00am - 10:00pm, daily",,,,,,,City of Carlsbad,,,,,,,,,,,,,,,,,,,,,,,,,,
2bfb7902-d98f-49f0-9e8c-754c3756e694,Park Avenue Community Center,"210 E Park Ave, Escondido, CA 92025",33.12938101,-117.0837198,,"8:00am - 5:00pm, daily",,,,,,,City of Escondido,,,,,,,,,,,,,,,,,,,,,,,,,,
dfde02e3-e0c2-4c6f-985f-547d5a1f662f,Coronado City Hall,"1825 Strand Way, Coronado, CA 92118",32.67789969,-117.1730326,,"8:00am - 5pm, daily",,,,,,,City of Coronado,,,,,,,,,,,,,,,,,,,,,,,,,,
01ac80ab-d0ee-4f18-b22f-4454504c37eb,Escondido Police and Fire Headquarters,"1163 Centre City Parkway, Escondido, CA 92026",33.13690651,-117.0942756,,"8:00am - 6:30pm, daily",,,,,,,City of Escondido,,,,,,,,,,,,,,,,,,,,,,,,,,
0969fed1-ca19-4bcc-90bf-ed614d21806c,Clemmens Lane County Park,"344 W Clemmens Ln, Fallbrook, CA 92028",33.36892836,-117.2543231,,"8:00am - 6:30pm, daily",,,,,,,San Diego County,,,,,,,,,,,,,,,,,,,,,,,,,,
d9f4b47b-661a-4ae4-a418-81e7bdc8429e,Jesmond Dene Park,"2401 N Broadway, Escondido, CA 92026",33.16752624,-117.0920869,,"8:00am - 7:30pm, daily",,,,,,,City of Escondido,,,,,,,,,,,,,,,,,,,,,,,,,,
85ddaa79-8a8f-4d94-9ced-f7869160bd56,Corky Smith Gym,"274 Pico Ave, San Marcos, CA 92069",33.142303,-117.1671901,,"8:00am - 7:00pm, daily",,,,,,,City of San Marcos,,,,,,,,,,,,,,,,,,,,,,,,,,
4f74c441-e4b4-4eae-b639-477a491e8723,Live Oak County Park,"2746 Reche Rd, Fallbrook, CA 92028",33.36408198,-117.2044969,,"8:00am - 7:00pm, daily",,,,,,,San Diego County,,,,,,,,,,,,,,,,,,,,,,,,,,
4e491d0e-865c-4456-9e6a-899aa704204a,Rainbow County Park,"5157 5th St, Fallbrook, CA 92028",33.4133519,-117.1501969,,"8:00am - 8:00pm, daily",,,,,,,San Diego County,,,,,,,,,,,,,,,,,,,,,,,,,,
6c1ec7cc-782b-43d8-8de6-5d4cb15f8613,4th of July Park,"2815 Starry Night Dr, Escondido, CA 92029",33.10262044,-117.1323869,,"8:00am - 8:00pm, daily",,,,,,,City of Escondido,,,,,,,,,,,,,,,,,,,,,,,,,,
8dc5de5f-0b7c-466c-9c06-86f364eb027a,Alga Norte Park,"6565 Alicante Rd, Carlsbad, CA 92009",33.11478288,-117.2635917,,"8:00am - 8:00pm, daily",,,,,,,City of Carlsbad,,,,,,,,,,,,,,,,,,,,,,,,,,
4041c448-975f-4454-8337-8f725e3e9d19,Alga Norte SkatePark,"6565 Alicante Rd, Carlsbad, CA 92009",33.11854604,-117.2635416,,"8:00am - 8:00pm, daily",,,,,,,City of Carlsbad,,,,,,,,,,,,,,,,,,,,,,,,,,
ab972d66-41aa-48cc-8fad-333a94e9b8cf,Tijuana River Valley Regional Park,"2721 Monument Rd, San Diego, CA 92154",32.54478943,-117.0745453,,"8:00am - 8:00pm, daily",,,,,,,San Diego County,,,,,,,,,,,,,,,,,,,,,,,,,,
955c2274-27c5-4d83-9681-b7850e1f3af9,Garden Road Park,"14898 Garden Road, Poway, CA 92064",32.95642251,-117.0103956,1,"8:00am - 9:00pm, daily",,,,,,,City of Poway,,,,,,,,,,,,,,,,,,,,,,,,,,
feea10cc-058a-4cef-9526-534ac86c86a3,Encinitas Community and Senior Center,"1140 Oakcrest Park Dr, Encinitas, CA 92024",33.04512733,-117.2671974,,"8:00am - 9:00pm, daily",,,,,,,City of Encinitas,,,,,,,,,,,,,,,,,,,,,,,,,,
90819523-30e6-457c-8331-69039f5eea14,Chase Field,"3349 Harding St, Carlsbad, CA 92008",33.15696308,-117.340777,,"8:00am - 9:00pm, daily",,,,,,,City of Carlsbad,,,,,,,,,,,,,,,,,,,,,,,,,,
b6a66fa7-44c0-4d8d-9190-efb07f75b28f,Poway Community Park,"13094 Civic Center Dr, Poway, CA 92064",32.95263086,-117.0474201,1,"8:00am to Sunset, daily",1,0,0,1,0,2,City of Poway,3,07:29.3,,1,,,,,,,,,,,,,,,,,,,,,,
162d6a32-16af-48df-8bb7-7849fc3e9fdd,Leo Mullen Sports Park,"951 Via Cantebria, Encinitas, CA 92024",33.06315399,-117.2635467,,"8:00am to Sunset, daily",,,,,,,City of Encinitas,,,,,,,,,,,,,,,,,,,,,,,,,,
00e8b241-b3bd-477d-8939-ec53e45a97e9,Solana Beach Transit Center,"105 N Cedros Ave, Solana Beach, CA 92075",32.99295957,-117.2712537,,"8:00am to Sunset, daily",,,,,,,Amtrak,,,,,,,,,,,,,,,,,,,,,,,,,,
96131921-4406-481e-82c2-943ce0315b65,Goodan Ranch Visitor's Center,"Sycamore Canyon Rd, Poway, CA 92064",32.92736731,-116.9860516,,"8:00am to Sunset, daily",,,,,,,San Diego County,,,,,,,,,,,,,,,,,,,,,,,,,,
8edf85bb-b649-4ddc-9cd4-6563f2834399,Sycamore Canyon Trailhead,"16281 Sycamore Canyon Rd, Poway, CA 92064",32.94114354,-116.9803646,,"9:30am - 5:30pm, daily",,,,,,,San Diego County,,,,,,,,,,,,,,,,,,,,,,,,,,
e41a65f3-b3b7-4126-92e2-542e6ed34f01,Imperial Beach Skate Park and Rec Center,"425 Imperial Beach Blvd, Imperial Beach, CA 91932",32.57622164,-117.1233271,,"9:30am - 5:30pm, daily",,,,0,,2,City of Imperial Beach,,,,1,,,,,,,,,,,,,,,,,,,,,,
d183ed4f-7737-4fd4-943b-115d50a9da10,Sweetwater Lane Community Park,"1312 Sweetwater Ln, Spring Valley, CA 91977",32.71677278,-117.0064773,,"9:30am - 7:30pm, daily",,,,,,,San Diego County,,,,,,,,,,,,,,,,,,,,,,,,,,
e0f80546-978d-46f2-baca-63dd60545109,Pine Valley County Park,"28810 Old Hwy 80, Pine Valley, CA 91962",32.82473536,-116.5307334,,"9:30am - 7:30pm, daily",,,,,,,San Diego County,,,,,,,,,,,,,,,,,,,,,,,,,,
1e751c0b-2aaf-4ae5-80fe-517c19c5857c,Pine Valley County Park Playground,"28810 Old Hwy 80, Pine Valley, CA 91962",32.82349727,-116.530514,,"9:30am - 8:00pm, daily",,,,,,,San Diego County,,,,,,,,,,,,,,,,,,,,,,,,,,
7dbdf41b-8cbb-4462-926e-3655ee32e347,Louis Stelzer County Park,"11470 Wildcat Canyon Rd, Lakeside, CA 92040",32.88331623,-116.8969391,1,"9:30am to Sunset, daily",1,0,1,1,0,2,San Diego County,1,48:27.9,,1,,,,,,,,,,,,,,,,,,,,,,
a7f95297-e366-4434-b293-620b8dd1ede0,Louis Stelzer Playground,"11470 Wildcat Canyon Rd, Lakeside, CA 92040",32.88415865,-116.8957093,,"9:30am to Sunset, daily",,,,,,,San Diego County,,,,,,,,,,,,,,,,,,,,,,,,,,
d6b2c4aa-2b38-4028-b884-163f017b4238,El Monte County Park,"15805 El Monte Rd, Lakeside, CA 92040",32.89139099,-116.8471031,,"9:30am to Sunset, daily",,,,,,,San Diego County,,,,,,,,,,,,,,,,,,,,,,,,,,
8f5229a3-0aad-4a90-8b90-076f91d65389,Otay Lakes County Park,"2270 Wueste Rd, Chula Vista, CA 91915",32.60775636,-116.9298797,,"9:30am to Sunset, daily",,,,,,,San Diego County,,,,,,,,,,,,,,,,,,,,,,,,,,
548599a3-51ea-4af7-8ec2-5ddbd642407e,Potrero County Park Horseshoes,"24800 Potrero Park Dr, Potrero, CA 91963",32.61501847,-116.5954816,,"9:30am to Sunset, daily",,,,,,,San Diego County,,,,,,,,,,,,,,,,,,,,,,,,,,
78b0fa41-1449-409f-a198-6d336de6e276,Potrero County Park Playground,"24800 Potrero Park Dr, Potrero, CA 91963",32.61618678,-116.5960401,,"9:30am to Sunset, daily",,,,,,,San Diego County,,,,,,,,,,,,,,,,,,,,,,,,,,
8979545e-26e4-428e-aa57-b8efcaef1550,Dos Picos County Park,"17953 Dos Picos Park Rd, Ramona, CA 92065",32.99872412,-116.941994,,"9:30am to Sunset, daily",,,,,,,San Diego County,,,,,,,,,,,,,,,,,,,,,,,,,,
b59e7ee5-f36e-4474-9b0e-cee50d78179e,Guajome Lake,"3000 Guajome Lake Rd, Oceanside, CA 92057",33.24626559,-117.2729092,,"9:30am to Sunset, daily",,,,,,,San Diego County,,,,,,,,,,,,,,,,,,,,,,,,,,
604583a7-6bbf-46bf-96c4-7db98e58eb33,Guajome Park Lower Picnic Area,"3000 Guajome Lake Rd, Oceanside, CA 92057",33.24135605,-117.2732466,,"9:30am to Sunset, daily",,,,,,,San Diego County,,,,,,,,,,,,,,,,,,,,,,,,,,
ecaa5ea5-cd18-4726-a6dd-7200aa8e525a,San Dieguito (Guardhouse),"1628 Lomas Santa Fe Dr, Del Mar, CA 92014",32.99705235,-117.238438,,"9:30am to Sunset, daily",,,,,,,San Diego County,,,,,,,,,,,,,,,,,,,,,,,,,,
f6875ba3-b8e4-4514-aa77-870f7a54fb6b,San Dieguito (Lower Gate),"1628 Lomas Santa Fe Dr, Del Mar, CA 92014",33.00048779,-117.2329611,,"9:30am to Sunset, daily",,,,,,,San Diego County,,,,,,,,,,,,,,,,,,,,,,,,,,
070eca70-6ecd-4f7a-b729-618c86f15b97,San Dieguito (Lower Park),"1628 Lomas Santa Fe Dr, Del Mar, CA 92014",32.99925507,-117.2321136,,"9:30am to Sunset, daily",,,,,,,San Diego County,,,,,,,,,,,,,,,,,,,,,,,,,,
8e7237a0-d2e6-4f6f-aa86-b8a49ad0b662,San Dieguito (Scout House),"1628 Lomas Santa Fe Dr, Del Mar, CA 92014",32.99925224,-117.2384476,,"9:30am to Sunset, daily",,,,,,,San Diego County,,,,,,,,,,,,,,,,,,,,,,,,,,
eb10c247-771d-4349-b58c-89b2bd06d7e5,San Dieguito (Upper Playground),"1628 Lomas Santa Fe Dr, Del Mar, CA 92014",32.99798126,-117.2378012,,"9:30am to Sunset, daily",,,,,,,San Diego County,,,,,,,,,,,,,,,,,,,,,,,,,,
8a555980-f088-429f-8604-00c942a1f710,San Dieguito (Wedding Gazebo),"1628 Lomas Santa Fe Dr, Del Mar, CA 92014",33.00210345,-117.2357573,,"9:30am to Sunset, daily",,,,,,,San Diego County,,,,,,,,,,,,,,,,,,,,,,,,,,
9a8b7a14-df28-4deb-9a81-096b4e0a9d6b,Sweetwater Summit Amphitheater,"3218 Summit Meadow Rd, Bonita, CA 91902",32.68539403,-117.0057159,,"9:30am to Sunset, daily",,,,,,,San Diego County,,,,,,,,,,,,,,,,,,,,,,,,,,
949f1096-f7a8-46c7-a92b-882ebdba84e0,Sweetwater Summit Main Crossing,"3218 Summit Meadow Rd, Bonita, CA 91902",32.68260989,-117.002287,,"9:00am - 5:00pm, daily",,,,,,,San Diego County,,,,,,,,,,,,,,,,,,,,,,,,,,
55536471-ea6d-4e66-8a90-71a864a82749,Sweetwater Summit Road D,"3218 Summit Meadow Rd, Bonita, CA 91902",32.68485449,-117.0050024,,"9:00am - 5:00pm, daily",,,,,,,San Diego County,,,,,,,,,,,,,,,,,,,,,,,,,,
09b0026f-8227-4b44-9dd1-248a688ea359,Parkway Gymnasium,"373 Park Way, Chula Vista, CA 91910",32.63796905,-117.0822983,,"9:00am - 5:00pm, daily",,,,,,,City of Chula Vista,,,,,,,,,,,,,,,,,,,,,,,,,,
17356b76-d6ff-4994-a108-e9be0b9f8fcf,Parkway Community Center,"373 Park Way, Chula Vista, CA 91910",32.63814522,-117.0817176,,"9:00am - 5:00pm, daily",,,,,,,City of Chula Vista,,,,,,,,,,,,,,,,,,,,,,,,,,
1b14cb20-ce2a-448d-8734-3d17f4898db3,Fallbrook Senior Center,"399 Heald Ln, Fallbrook, CA 92028",33.37678055,-117.2358232,,"9:00am - 5:00pm, daily",,,,,,,City of Fallbrook,,,,,,,,,,,,,,,,,,,,,,,,,,
488332f9-2da5-4769-be56-402001917f2d,Tecolote Recreation Center,"4675 Tecolote Rd, San Diego, CA 92110",32.77488287,-117.2001198,,Mon 10:00am - 6:00pm; Tues & Fri 11:00am - 6:30pm; Wed - Thurs 11:00am - 6:00pm; Sat 9:00am - 5:00pm; Sun Closed,,,,,,,City of San Diego,,,,,,,,,,,,,,,,,,,,,,,,,,
6fc85b92-b6a7-415a-a7eb-1b1d7fe82e61,Anza-Borrego Desert State Park Visitor Center,"200 Palm Canyon Dr, Borrego Springs, CA 92004",33.25807814,-116.4065509,,"9:00am - 5:00pm, daily",,,,,,,CA State Parks,,,,,,,,,,,,,,,,,,,,,,,,,,
c4859718-0611-4f74-992f-4618fe4339c7,Leo Carrillo Ranch Historic Park,"6200 Flying Leo Carrillo Ln, Carlsbad, CA 92009",33.11890506,-117.2381384,,"9:00am - 5:00pm, daily",,,,,,,City of Carlsbad,,,,,,,,,,,,,,,,,,,,,,,,,,
d85be122-faba-4013-bc95-189db1601ab3,Sabre Springs Park,"12953 Sabre Springs Pkwy, San Diego, CA 92128",32.95145389,-117.0954135,1,24/7,1,0,0,1,0,2,City of San Diego,3,20:26.6,,1,,,,,,,,,,,,,,,,,,,,,,
9125cd3e-c1a1-4496-9409-1fd26d7a3d08,Mission Trails Regional Park Visitor Center,"1 Father Junipero Serra Trail, San Diego, CA 92119",32.82014523,-117.0567903,,"9:00am - 5:00pm, daily; Closed on Thanksgiving, Christmas Day, and New Year’s Day.",,,,,,,City of San Diego & Mission Trails Regional Park,,,,,,,,,,,,,,,,,,,,,,,,,,
48171b09-9eda-4cc9-9d4a-d4d008bee5b3,Fallbrook Community Park,"339 Heald Ln, Fallbrook, CA 92028",33.37806174,-117.2357718,,"6:00am - 12:00am, daily",,,,,,,City of Fallbrook,,,,,,,,,,,,,,,,,,,,,,,,,,
7562eec8-b2fa-426c-8467-8a3ed96ad0a2,Fallbrook Community Center,"341 Heald Ln, Fallbrook, CA 92028",33.37738982,-117.2360968,,"6:00am - 8:00pm, daily",,,,,,,City of Fallbrook,,,,,,,,,,,,,,,,,,,,,,,,,,
09a00db3-cc84-411f-8588-68707d44f9b6,Palomar Mountain State Park Cedar Grove Group Campground,"19952 State Park Drive, Palomar Mountain, CA 92060",33.33968147,-116.9113839,,"Dawn to Dusk, daily",,,,,,,State of CA,,,,,,,,,,,,,,,,,,,,,,,,,,
0a8a8082-10f3-45cc-bfb4-da6374a6d370,Balboa Park 6th Ave & Thorn St,"6th Avenue and Thorn Street, San Diego, CA 92103",32.73976944,-117.159025,,24/7,,,,,,,City of San Diego,,,,,,,,,,,,,,,,,,,,,,,,,,
6a802930-548b-478e-aef9-f69ec9c2e149,Aztec Park,"7945 Morocco Dr, La Mesa, CA 91942",32.77861376,-117.027243,1,"Dawn to Sunset, daily",1,0,0,1,0,2,City of La Mesa,1,30:22.0,,1,,,,,,,,,,,,,,,,,,,,,,
41dbd218-52c5-49e4-a738-77ce62fdf35c,San Elijo State Beach (Aberdeen Drive),"2050 S Coast Hwy 101, Cardiff, CA 92007",33.01963463,-117.2834409,1,"Dawn to Sunset, daily",1,1,0,0,0,2,CA State Parks,3,21:46.2,,4,,,,,,,,,,,,,,,,,,,,,,
8b69889a-2dd0-4879-bcd1-328ff9d79ed7,San Elijo State Beach (Birmingham Dr),"2050 S Coast Hwy 101, Cardiff, CA 92007",33.02217372,-117.2848338,1,"Dawn to Sunset, daily",1,1,0,0,0,2,CA State Parks,3,34:37.4,,4,,,,,,,,,,,,,,,,,,,,,,
2c871226-6c58-48a3-9288-b1ea6957a8c3,San Elijo State Beach (Chesterfield Dr),"2050 S Coast Hwy 101, Cardiff, CA 92007",33.01854255,-117.2827736,1,"Dawn to Sunset, daily",1,1,0,0,0,2,CA State Parks,3,15:13.0,,4,,,,,,,,,,,,,,,,,,,,,,
ef6cddff-ecef-4d9e-aa90-83ebd7ae65c8,San Elijo State Beach (Liverpool Dr),"2050 S Coast Hwy 101, Cardiff, CA 92007",33.02084539,-117.2841921,1,"Dawn to Sunset, daily",1,1,0,0,0,2,CA State Parks,3,27:49.1,,4,,,,,,,,,,,,,,,,,,,,,,
31d17d68-5cf2-48ab-97b3-10ad007474fc,San Elijo State Beach (Montgomery Ave),"2050 S Coast Hwy 101, Cardiff, CA 92007",33.02516955,-117.2864149,1,"Dawn to Sunset, daily",1,0,0,0,0,2,CA State Parks,3,13:22.0,,2,,,,,,,,,,,,,,,,,,,,,,
020b45c1-137c-4bc4-98ca-2b8fdd0daf63,San Elijo State Beach (Mozart Ave),"2050 S Coast Hwy 101, Cardiff, CA 92007",33.02330014,-117.2852984,1,"Dawn to Sunset, daily",1,1,0,0,0,2,CA State Parks,3,39:15.7,,4,,,,,,,,,,,,,,,,,,,,,,
0610365a-9757-4ada-8af9-2783e053013d,Carlsbad Beach,"7201 Carlsbad Blvd, Carlsbad, CA 92008",33.09565452,-117.3161521,,"Dawn to Sunset, daily",,,,,,,State of CA,,,,,,,,,,,,,,,,,,,,,,,,,,
cdafa3b3-ef02-4ba5-83b9-71b37458c625,Hellhole Canyon Preserve,"19324 Santee Ln, Valley Center, CA 92082",33.21678533,-116.9340448,,"Fri - Mon 8:30am - 5:00pm, Tues - Wed closed",,,,,,,San Diego County,,,,,,,,,,,,,,,,,,,,,,,,,,
2590548f-2176-4572-9731-b64a657d15db,El Capitan Preserve,"13775 Blue Sky Ranch Rd, Lakeside, CA 92040",32.91203422,-116.8776501,,Fri - Mon Sunrise to Sunset,,,,,,,San Diego County,,,,,,,,,,,,,,,,,,,,,,,,,,
829d0773-d459-465a-8f30-5acd0bcfc56e,South Carlsbad State Beach (between Breakwater and Channel),"7201 Carlsbad Blvd Carlsbad, CA 92008",33.10376994,-117.3196544,,Fri - Sun 10:00am - 4:00pm,,,,,,,State of CA,,,,,,,,,,,,,,,,,,,,,,,,,,
56941a97-cf8d-41fe-bc41-2a67bd04647c,South Carlsbad State Beach (between Towers 26 & 27),"7201 Carlsbad Blvd Carlsbad, CA 92008",33.10903397,-117.3218017,,Fri - Sun 10:00am - 4:00pm,,,,,,,State of CA,,,,,,,,,,,,,,,,,,,,,,,,,,
ca0fd827-271a-4b4d-a7a9-3c7a3349a396,South Carlsbad State Beach (just north of Tower 26),"7201 Carlsbad Blvd Carlsbad, CA 92008",33.10730558,-117.3211524,,Fri - Sun 10:00am - 4:00pm,,,,,,,State of CA,,,,,,,,,,,,,,,,,,,,,,,,,,
0891382e-4e5f-46eb-9fc5-2fdc624aa7ec,South Carlsbad State Beach (just south of Breakwater),"7201 Carlsbad Blvd Carlsbad, CA 92008",33.10516837,-117.3202784,,Fri - Sun 10:00am - 4:00pm,,,,,,,State of CA,,,,,,,,,,,,,,,,,,,,,,,,,,
cc4dbdc4-0fb4-4c99-9f16-dff04d18f49d,Oceanside READS Center,"804 Pier View Wy Unit 101, Oceanside, CA 92054",33.19840834,-117.3778345,,"Mon & Thurs 10:00am - 6:00pm, Tues-Wed 12:00pm - 7:00pm, Fri-Sun 10:00am - 5:00pm.",,,,,,,City of Oceanside,,,,,,,,,,,,,,,,,,,,,,,,,,
3056fa6c-17db-4427-9498-7a8d1e7bdff2,Poway Branch Library,"13137 Poway Rd, Poway, CA 92064",32.95581309,-117.0457048,1,"Mon 10:00am-6:00pm, Tues-Wed 12:00pm-7:00pm, Thurs 10:00am-6:00pm, Fri - Sun 10:00am-5:00pm",1,0,0,1,0,,San Diego County,1,40:17.0,1,,,,,,,,,,,,,,,,,,,,,,,
41828e9d-7b28-487f-927a-e0634deb64b5,South Carlsbad State Beach Day Use Parking,"7201 Carlsbad Blvd, Carlsbad, CA 92008",33.08297162,-117.3111792,,"Mon & Wed 10:00am - 8:00pm, Tues 9:00am - 9:00pm, Thurs 10:00am - 9:00pm, Fri 10:00am - 7:00pm, Sat 9:00am - 5:00pm, Sun closed",,,,,,,State of CA,,,,,,,,,,,,,,,,,,,,,,,,,,
62d40dce-de4a-437e-863b-951dc70982d8,South Carlsbad State Beach Campground,"7201 Carlsbad Blvd, Carlsbad, CA 92008",33.10251481,-117.3190949,,"Mon & Wed 10:00am - 8:00pm, Tues 12:00pm - 9:00pm, Thurs 11:00am - 9:00pm, Fri 10:00am - 7:00pm, Sat 9:00am - 4:00pm, Sun 11:00am - 3:00pm",,,,,,,State of CA,,,,,,,,,,,,,,,,,,,,,,,,,,
03611024-a970-4c9d-b3b5-47e60d3cbde2,South Carlsbad State Beach Campfire Center,"7201 Carlsbad Blvd Carlsbad, CA 92008",33.09956755,-117.3178993,,"Mon & Wed 1:00pm - 8:00pm, Tues & Thurs 2:00pm - 8:00pm, Fri 12:00pm - 8:00pm, Sat 9:00am - 4:00pm, Sun 10:00am - 2:00pm",,,,,,,State of CA,,,,,,,,,,,,,,,,,,,,,,,,,,
2fafb6e0-9a1c-4cf6-a632-cf560505be21,Balboa Park Activity Center,"2145 Park Blvd, San Diego, CA 92134",32.72674075,-117.1476937,,"Mon & Wed 2:00pm - 8:30pm; Tues, Thurs - Fri 11:00am - 8:30pm; Sat - Sun 9:00am - 4:30pm",,,,,,,City of San Diego,,,,,,,,,,,,,,,,,,,,,,,,,,
b1487902-4632-4cc8-9747-90d8821b9553,Silver Strand State Beach,"5000 CA-75, Coronado, CA 92118",32.63466581,-117.1422313,,"Mon & Wed - Fri 3:30pm - 11:00pm, Tues 2:30pm - 11:00pm, Sun - Sat closed",,,,,,,State of CA,,,,,,,,,,,,,,,,,,,,,,,,,,
ec2f78db-2d04-4570-a5cb-40e98941f788,Lake Wohlford,"25453 Lake Wohlford Rd, Escondido, CA 92027",33.17394283,-116.999927,,"Mon 10:00am - 6:00pm, Tues 12:00pm - 7:00pm, Wed - Thurs 10:00am - 6:00pm, Fri - Sat 10:00am - 5:00pm, Sun Closed",,,,,,,City of Escondido,,,,,,,,,,,,,,,,,,,,,,,,,,
f4385700-7e41-45a2-bff9-cc0106b35032,San Marcos Branch Library,"2 Civic Center Dr, San Marcos, CA 92069",33.14111829,-117.1605616,,"Mon 11:00 - 8:00pm, Tues & Thu 10:00am - 8:00pm, Wed 11:30am - 8:30pm, Fri 12:00pm  - 8:00pm, Sat - Sun 9:00am - 4:00pm",,,,,,,San Diego County,,,,,,,,,,,,,,,,,,,,,,,,,,
c4546307-0599-403f-86b6-fc3ac9a83211,Adams Recreation Center,"3491 Adams Ave, San Diego, CA 92116",32.76313211,-117.1174831,,Sun Closed; Mon - Fri 12:00pm - 8:00pm; Sat 9:00am - 2:00pm.,,,,,,,City of San Diego,,,,,,,,,,,,,,,,,,,,,,,,,,
764247de-5431-41ee-bcf0-26c98968956b,Allied Gardens Recreation Center,"5155 Greenbrier Ave, San Diego, CA 92120",32.79595451,-117.0808655,1,Mon & Wed 10:00am - 8:00pm; Tues 12:00pm - 9:00pm; Thurs 11:00am - 9:00pm; Fri 10:00am - 7:00pm; Sat 9:00am - 4:00pm; Sun 11:00am - 3:00pm,1,0,0,0,0,1,City of San Diego,3,10/16/22 16:26,2,,,,,,,,,,,,,,,,,,,,,,,
2715c6c8-ebe8-4a75-ba23-e4f5fbef3246,Carmel Mountain Ranch Community Park,"10152 Rancho Carmel Dr, San Diego, CA 92128",32.96625296,-117.091862,1,24/7,1,1,0,1,0,2,City of San Diego,3,59:14.3,,1,,,,,,,,,,,,,,,,,,,,,,
32cd2a8f-e9df-4c28-a015-86082b749f44,Spring Valley Gymnasium,"838 Kempton St, Spring Valley, CA 91977",32.71237778,-117.0032917,,"Mon 9:00am - 9:00pm, Tues & Thurs 1:00pm - 9:00pm, Wed 12:00pm - 9:00pm, Fri 9:00am - 7:00pm, Sat 9:00am - 4:00pm, Sun 8:00am - 2:00pm",,,,,,,San Diego County,,,,,,,,,,,,,,,,,,,,,,,,,,
49b148eb-beaa-4f3a-b233-0988d5451e41,Serra Mesa Recreation Center,"9020 Village Glen Dr, San Diego, CA 92123",32.80544166,-117.1330652,,"Mon, Wed, Fri 11:00am - 7:00pm; Tues 11:30am - 7:30pm; Thurs 12:00pm - 7:30pm; Sat 9:00am - 3:00pm; Sun Closed",,,,,,,City of San Diego,,,,,,,,,,,,,,,,,,,,,,,,,,
003475b4-6f3d-44f4-931f-365b24457c73,Kearny Mesa Recreation Center,"3170 Armstrong St, San Diego, CA 92111",32.80253774,-117.1643549,,Call for hours,,,,,,,City of San Diego,,,,,,,,,,,,,,,,,,,,,,,,,,
043e8925-6445-414c-8591-e361f373c0a6,Carlsbad Senior Center,"799 Pine Ave, Carlsbad, CA 92008",33.15879594,-117.3436461,,Mon - Fri 8:00am - 5:00pm; Sat 9:00am - 12:00pm,,,,,,,City of Carlsbad,,,,,,,,,,,,,,,,,,,,,,,,,,
7dc288f3-aaf9-41f3-9405-dc010506bff7,Mira Mesa Recreation Center,"8575 New Salem St, San Diego, CA 92126",32.91516131,-117.1404088,,Mon 12:00pm - 8:00pm; Tues & Thurs 9:00am - 9:00pm; Wed 11:00am - 9:00pm; Fri 12:00pm - 7:00pm; Sat 9:00am - 4:00pm; Sun 10:00am - 2:00pm,,,,,,,City of San Diego,,,,,,,,,,,,,,,,,,,,,,,,,,
cf7679cd-695c-4633-86f6-f9603783d329,North Clairemont Recreation Center,"4421 Bannock Ave, San Diego, CA 92117",32.83236313,-117.1974295,,Mon 12:00pm - 9:00pm; Tues & Thurs 9:00am - 9:00pm; Wed 12:00pm - 8:00pm; Fri 1:00pm - 8:00pm; Sat 9:00am - 4:00pm; Sun 10:00am - 3:00pm,,,,,,,City of San Diego,,,,,,,,,,,,,,,,,,,,,,,,,,
91429d9e-c448-4725-9107-67ad30fdbd2b,Albert Van Zanten Park,"1495 Greenfield Dr, El Cajon, CA 92021",32.81142432,-116.9296674,,"Mon - Fri 1:00pm - 8:00pm, Sat - Sun 9:00am - 4:00pm.",,,,,,,City of El Cajon,,,,,,,,,,,,,,,,,,,,,,,,,,
435324ba-85f2-449f-8e15-9b8d497143a6,Balboa Park Golf Course Clubhouse,"2600 Golf Course Dr, San Diego, CA 92102",32.72489585,-117.1376608,,6:00am - 5:00pm,,,,,,,City of San Diego,,,,,,,,,,,,,,,,,,,,,,,,,,
d522dc31-2b21-4c44-b94e-44afb218e93e,Ryan Park,"390 Hidden Trails Rd, Escondido, CA 92027",33.1505416,-117.028373,,"Mon - Fri 2:00pm - 7:00pm, Sat 9:00am - 1:00pm, Sun 10:00am - 4:00pm",,,,,,,City of Escondido,,,,,,,,,,,,,,,,,,,,,,,,,,
dbbbfe28-7382-4495-adfa-200fc5538f90,Standley Recreation Center,"3585 Governor Dr, San Diego, CA 92122",32.85110734,-117.2101685,,Mon & Wed 12:00pm - 9:00pm; Tues & Thurs 11:00am - 9:00pm; Fri 9:00am - 6:00pm; Sat 9:00am - 4:00pm; Sun 8:00am - 1:00pm.,,,,,,,City of San Diego,,,,,,,,,,,,,,,,,,,,,,,,,,
55b2690f-53bd-4d62-b1c3-8f9cc7d0543f,Bay Terraces Community and Senior Center,"7445 Tooma Street, San Diego, CA 92139",32.68123007,-117.034963,,"Mon - Fri 10:00am - 6:00pm; Sat 9:00am - 2:00pm, Sun Closed",,,,,,,City of San Diego,,,,,,,,,,,,,,,,,,,,,,,,,,
7990c1c8-1b66-43e9-9252-53cc99c2d925,Sportsplex USA Poway,"12349 McIvers Ct, Poway, CA 92064",32.94250407,-117.0416632,,"Mon - Fri 4:53am - 8:23pm, Sat - Sun closed",,,,,,,SportsplexUSA,,,,,,,,,,,,,,,,,,,,,,,,,,
1e6e157d-e68b-45d0-9fc3-a4b39b223cf3,City Heights Recreational Center,"4380 Landis St, San Diego, CA 92105",32.74622778,-117.1000194,,Mon - Fri 12:00pm - 7:00pm; Sat 10:00am - 4:00pm; Sun Closed,,,,,,,City of San Diego,,,,,,,,,,,,,,,,,,,,,,,,,,
081b1bdc-59c5-4028-841c-c5076666f77d,Golden Hill Recreation Center,"2600 Golf Course Dr, San Diego, CA 92102",32.7208417,-117.1374132,1,Mon - Fri 11:00am - 9:00pm; Sat 9:00am - 3:00pm; Sun Closed,1,0,0,1,0,1,City of San Diego,3,6/18/24 13:49,2,,,,,,,,,,,,,,,,,,,,,,,
9e14c124-8a3d-4539-8805-2681ec03d00a,Martin Luther King Jr. Park (Skyline),"6353 Skyline Dr, San Diego, CA 92114",32.69946745,-117.0603227,,24/7,,,,,,,City of San Diego,,,,,,,,,,,,,,,,,,,,,,,,,,
2cf8a69e-68f1-4faa-bc19-0a96ec4fcc3a,Skyline Martin Luther King Jr Recreation Center,"6401 Skyline Dr, San Diego, CA 92114",32.700394,-117.0612668,,Mon - Fri 12:00pm - 9:00pm; Sat 9:00am - 5:00pm; Sun 9:00am - 4:00pm,,,,,,,City of San Diego,,,,,,,,,,,,,,,,,,,,,,,,,,
20b158c4-414c-4f4f-a72d-6d449a4bbfbd,Mid-City Gym,"4302 Landis St, San Diego, CA 92105",32.74673368,-117.1016372,,"Mon, Wed - Fri 12:00pm - 7:00pm; Tues 12:00pm - 8:00pm; Sat 9:00am - 1:00pm;  Sun 12:00pm - 4:00pm",,,,,,,City of San Diego,,,,,,,,,,,,,,,,,,,,,,,,,,
1fc11099-e430-4aa5-ad92-a097da679023,Camacho Recreation Center,"1810 E 22nd St, National City, CA 91950",32.66869192,-117.0830519,,"Mon - Fri 6:00am - 7:00pm, Sat 8:00am - 4:00pm, Sun 9:30am - 4:00pm",,,,,,,City of National City,,,,,,,,,,,,,,,,,,,,,,,,,,
51f8eaa9-c4d1-4c68-872b-8641c4d488bc,Hillside Community Center,"840 Buena Terrace, El Cajon, CA 92020",32.80636808,-116.9847783,,"Mon - Fri 6:00am - 7:00pm, Sat-Sun 10:00am - 5:00pm",,,,,,,City of El Cajon,,,,,,,,,,,,,,,,,,,,,,,,,,
baf5bff1-f8fb-4664-bf95-c64acb94b134,Ron Ortega Recreation Park,"222 Brooks St, Oceanside, CA 92054",33.19846882,-117.3678155,,"6:00am - 9:00pm, daily",,,,,,,City of Oceanside,,,,,,,,,,,,,,,,,,,,,,,,,,
babbd65b-1517-4a21-9b39-314a800b982f,Terra Nova Park,"440 Hidden Vista Dr, Chula Vista, CA 91910",32.64444861,-117.0437506,,"Mon - Fri 7:00am - 5:00pm, Sat - Sun closed",,,,,,,City of Chula Vista,,,,,,,,,,,,,,,,,,,,,,,,,,
5c84e96f-972a-4dd3-8f7d-98e1d3e7a6ce,San Luis Rey Transit Center,"5091 N River Rd, Oceanside, CA 92057",33.2542858,-117.2975961,,"Mon - Fri 7:00am - 7:00pm, Sat 7:00am - 5:00pm, Sun 10:00am - 4:00pm",,,,,,,North County Transit District,,,,,,,,,,,,,,,,,,,,,,,,,,
19faae9e-0d50-49ce-b968-625d031c0069,Fletcher Hills Recreation Center and Pool,"2345 Center Pl, El Cajon, CA 92020",32.80016781,-116.9964956,,Mon - Fri 8:00am - 3:00pm,,,,,,,City of El Cajon,,,,,,,,,,,,,,,,,,,,,,,,,,
8662160f-e9d9-4b7d-a6f7-8251eccbc076,Brooks Street Swim Center,"130 Brooks St, Oceanside, CA 92054",33.19954305,-117.3676675,,"Mon - Fri 8:00am - 3:00pm, Sat - Sun 8:00am - 5:00pm",,,,,,,City of Oceanside,,,,,,,,,,,,,,,,,,,,,,,,,,
9500530f-9a14-45b4-8552-c57f422b142d,William A Wagner Aquatic Center,"3306 Senior Center Dr, Oceanside, CA 92056",33.20630512,-117.3154655,,"Mon - Fri 8:00am - 4:00pm, Sat - Sun 8:00am - 5:00pm",,,,,,,City of Oceanside,,,,,,,,,,,,,,,,,,,,,,,,,,
af9837ca-aa66-4490-9954-2839fcb45b32,City Hall Meeting Facilities,"201 N Broadway, Escondido, CA 92025",33.1227053,-117.0831337,,Mon - Fri 8:00am - 5:00pm,,,,,,,City of Escondido,,,,,,,,,,,,,,,,,,,,,,,,,,
32c9e719-19a5-4b20-aff2-44c32abab649,Alga Norte Aquatic Center,"6565 Alicante Rd, Carlsbad, CA 92009",33.11689687,-117.2637929,,"Mon - Fri 8:00am - 4:00pm, Sat - Sun 8:00am - 5:00pm",,,,,,,City of Carlsbad,,,,,,,,,,,,,,,,,,,,,,,,,,
95047015-db9d-4eb2-be27-4f3a9746b9b1,Black Mountain Recreation Center,"9353 Oviedo St, San Diego, CA 92129",32.96921511,-117.1253143,,Mon 5:30pm - 8:30pm; Tues & Thurs 5:00pm - 9:00pm; Wed & Fri 5:00pm - 9:30pm; Sat 10:00am - 2:00pm; Sun Closed,,,,,,,City of San Diego,,,,,,,,,,,,,,,,,,,,,,,,,,
5f52639b-fe4d-42ba-8be7-7dae779efa96,Parkway Aquatic Center,"385 Park Way, Chula Vista, CA 91910",32.63817459,-117.0822728,,"Mon - Fri 8:00am - 8:00pm, Sat - Sun 8:00am - 11:00pm",,,,,,,City of Chula Vista,,,,,,,,,,,,,,,,,,,,,,,,,,
775324e6-2fe0-4d71-bccf-db8b6bc4e77f,Standley Aquatic Center,"3585 Governor Dr, San Diego, CA 92122",32.85202879,-117.2089217,,Sun 11:00am - 3:00pm; Mon - Thurs 7:00am - 8:30pm.,,,,,,,City of San Diego,,,,,,,,,,,,,,,,,,,,,,,,,,
c89b5e5f-b2d1-4830-b460-50e9329fb077,Coronado Community Center,"1845 Strand Way, Coronado, CA 92118",32.67659082,-117.1710177,,"Mon - Fri 8:00am - 8:00pm, Sat - Sun 8:00am - 5:00pm",,,,,,,City of Coronado,,,,,,,,,,,,,,,,,,,,,,,,,,
d8a8bd9f-9a9a-4367-9067-a80a625167a1,Calavera Hills Park,"2997 Glasgow Dr, Carlsbad, CA 92010",33.16539849,-117.2988241,,Mon - Fri 9:15am - 5:15pm,,,,,,,City of Carlsbad,,,,,,,,,,,,,,,,,,,,,,,,,,
b86ba642-a57f-4033-b280-f353a711b73f,Martin Luther King Swimming Pool,"6401 Skyline Dr, San Diego, CA 92114",32.70105311,-117.0605514,,"Mon, Wed, Fri - 2:00pm - 4:30pm",,,,,,,City of San Diego,,,,,,,,,,,,,,,,,,,,,,,,,,
d8cbf171-fa4d-4cee-b2be-c89bbd5c7e75,San Marcos Senior Activity Center,"111 Richmar Ave, San Marcos, CA 92069",33.14339782,-117.1635199,,Mon - Fri 8:00am - 4:00pm,,,,,,,City of San Marcos,,,,,,,,,,,,,,,,,,,,,,,,,,
bfba7abe-be2f-46ba-b6ba-6c053f396939,Poway (Mickey Cafagna Community) Recreation Center,"13094 Civic Center Dr, Poway, CA 92064",32.95373333,-117.0478806,1,"8:00am - 9:00pm, daily",1,1,1,1,0,1,City of Poway,,23:10.6,2,,,,,,,,,,,,,,,,,,,,,,,
1b783de8-666c-496f-ab4f-f33d53bf6ef0,La Mesa Adult Enrichment Center,"8450 La Mesa Blvd, La Mesa, CA 91942",32.76761035,-117.015987,,"Mon - Fri 9:00am - 5:00pm, Sat - Sun closed",,,,,,,City of La Mesa,,,,,,,,,,,,,,,,,,,,,,,,,,
167551c8-87be-4c68-9402-840899db9c54,Mira Mesa Verne Goodwin Senior Center,"8460 Mira Mesa Blvd, San Diego, CA 92126",32.91338474,-117.1405081,,9:00am - 6:00pm,,,,,,,City of San Diego,,,,,,,,,,,,,,,,,,,,,,,,,,
56a41647-10a0-4b99-ae50-0acda4d6b730,Pine Avenue Community Center,"3209 Harding St, Carlsbad, CA 92008",33.1591433,-117.3427912,,"8:00am - 5:00pm, daily",,,,,,,City of Carlsbad,,,,,,,,,,,,,,,,,,,,,,,,,,
e13459d0-9739-4790-ad58-0d59ca1ea10a,Escondido Transit Center,"700 W Valley Pkwy, Escondido, CA 92029",33.11887354,-117.0903501,,"Mon - Sat 11:00am - 8:00pm, Sun 12:00pm - 7:00pm",,,,,,,North County Transit District,,,,,,,,,,,,,,,,,,,,,,,,,,
9a5e1ab1-f2fd-4e14-9331-352fac65946e,George L. Stevens Senior Center,"570 S 65th St, San Diego, CA 92114",32.69845194,-117.0587255,,Mon - Fri 9:15am - 5:15pm,,,,,,,City of San Diego,,,,,,,,,,,,,,,,,,,,,,,,,,
f2996182-628e-4979-b8fa-af75df5f7050,Veterans Park Recreation Center,"785 E Palomar St, Chula Vista, CA 91911",32.61464642,-117.0236084,,"Mon - Sat 8:00am - 10:00pm, Sun 1:00pm - 10:00pm",,,,,,,City of Chula Vista,,,,,,,,,,,,,,,,,,,,,,,,,,
5512afa5-4e49-432a-ae0a-f729c1b2d5e6,Poway Community Skatepark,"13100 Civic Center Dr, Poway, CA 92064",32.95490131,-117.0475103,0,"Mon - Sat 8:00am - 9:00pm, Sun 12:00pm - 5:00pm",2,0,2,1,3,2,City of Poway,3,31:17.2,,1,,,,,,,,,,,,,,,,,,,,,,
3c6c4ef9-7935-4ea8-8eb0-6034e57338cc,Harding Community Center,"3096 Harding St, Carlsbad, CA 92008",33.16126049,-117.3436754,,Mon - Fri 8:00am - 5:00pm,,,,,,,City of Carlsbad,,,,,,,,,,,,,,,,,,,,,,,,,,
9a93636c-df2f-41fc-a003-24176d94bdfc,Sweetwater Summit Campground,"3218 Summit Meadow Rd, Bonita, CA 91902",32.68566267,-117.0057266,,"Mon - Sat 9:00am - 4:00pm, Sun 9:00am - 2:00pm",,,,,,,San Diego County,,,,,,,,,,,,,,,,,,,,,,,,,,
67228f39-ea89-4fb2-ac7a-3d332bbfaf1e,Melba Bishop Recreation Center,"5306 N River Rd, Oceanside, CA 92057",33.25644372,-117.2919442,,"6:00am - 9:00pm, daily",,,,,,,City of Oceanside,,,,,,,,,,,,,,,,,,,,,,,,,,
b1042ac7-bda9-4f28-934a-e7bb00d16c47,Scripps Ranch Recreation Center,"11454 Blue Cypress Dr, San Diego, CA 92131",32.92876325,-117.0796309,,Mon - Thurs 11:00am - 9:00pm; Fri 10:00am - 7:00pm; Sat 9:00am - 4:00pm; Sun Closed,,,,,,,City of San Diego,,,,,,,,,,,,,,,,,,,,,,,,,,
fb241ebf-5534-4c25-b3a3-7aae3be89d44,Solana Ranch Park,"13605 Pacific Highlands Ranch Pkwy, San Diego, CA 92130",32.96646757,-117.1923178,,24/7,,,,,,,City of San Diego,,,,,,,,,,,,,,,,,,,,,,,,,,
c972857a-81e7-4051-bb87-e72ac60d80be,San Marcos Community Center,"3 Civic Center Dr, San Marcos, CA 92069",33.14083838,-117.1597889,,"Mon - Thurs 10:00am - 8:00pm, Fri 10:00am - 7:00pm, Sat 9:00am - 4:00pm, Sun closed",,,,,,,City of San Marcos,,,,,,,,,,,,,,,,,,,,,,,,,,
f500ce44-e793-4483-82f2-31e6be47549c,E Street Transit Cool Down Coffee,"750 E St, Chula Vista, CA 91910",32.63912545,-117.098446,1,Mon - Sat 7:30am - 3:00pm; Sun closed,1,0,0,1,0,5,MTS & Cool Down Coffee,1,59:59.5,,,,2,,,,,,,,,,,,,,,,,,,,
ec7292b2-ee3e-49dd-9db3-dab4b0862b65,Otay Recreation Center,"3544 Main St, Chula Vista, CA 91911",32.59497844,-117.0564912,,"Mon - Thurs 10:00am - 8:00pm, Fri - Sat 10:00am - 5:00pm, Sun 1:00pm, 5:00pm",,,,,,,City of Chula Vista,,,,,,,,,,,,,,,,,,,,,,,,,,
5a1128a3-9687-4a66-a28f-36d63ee198ae,Rancho Santa Fe Branch Library,"17040 Avenida De Acacias, Rancho Santa Fe, CA 92067",33.02089446,-117.2056441,,Mon - Sat 9:00am - 5:00pm; Sun Closed,,,,,,,San Diego County,,,,,,,,,,,,,,,,,,,,,,,,,,
9fbc23f8-30d8-45e7-ba89-d617e18851d5,Lopez Ridge Recreation Center,"7245 Calle Cristobal, San Diego, CA 92126",32.92072658,-117.1683484,,Call for hours,,,,,,,City of San Diego,,,,,,,,,,,,,,,,,,,,,,,,,,
13a2c122-a9ac-42ff-af33-b42dc763facd,University Heights Branch Library,"4193 Park Blvd, San Diego, CA 92103",32.75379474,-117.1459577,,Mon - Tues 11:30am - 8:00pm; Wed - Fri 9:30am - 6:00pm; Sat - Sun Closed,,,,,,,City of San Diego,,,,,,,,,,,,,,,,,,,,,,,,,,
c9821595-3dc9-4389-8bed-a0b53da10d59,San Ysidro Branch Library,"4235 Beyer Blvd, San Diego, CA 92173",32.55762251,-117.0431398,1,Sun - Mon Closed; Tues 11:30am - 8:00pm; Wed - Sat 9:30am - 6:00pm,1,0,1,1,0,1,City of San Diego,1,54:04.4,1,,,,,,,,,,,,,,,,,,,,,,,
5fcfd9cf-da81-4d30-b4fa-2ab04737c3ea,University Community Branch Library,"4155 Governor Dr, San Diego, CA 92122",32.85403929,-117.20093,,Mon - Tues 11:30am - 8:00pm; Wed - Sat 9:30am - 6:00pm; Sun Closed,,,,,,,City of San Diego,,,,,,,,,,,,,,,,,,,,,,,,,,
c3c1f7f8-4259-4c3b-b946-74469e747d0b,Skyline Hills Branch Library,"7824 Paradise Valley Rd, San Diego, CA 92139",32.6971607,-117.0275353,,Mon - Tues 11:30am - 8:00pm; Wed - Fri 12:30pm - 6:00pm; Sat - Sun Closed,,,,,,,City of San Diego,,,,,,,,,,,,,,,,,,,,,,,,,,
04fe382c-2bf8-4be3-922f-df24ab3da6fd,Valencia Park/Malcolm X Branch Library,"5148 Market St, San Diego, CA 92114",32.71063916,-117.084015,1,Sun Closed; Mon-Tues 11:30am - 8:00pm; Wed - Sat 9:30am - 6:00pm,1,0,1,1,0,1,City of San Diego,1,11/22/22 21:50,1,,,,,,,,,,,,,,,,,,,,,,,
90e549e1-836a-41aa-8273-c75db27a7815,Logan Heights Library,"567 S 28th St, San Diego, CA 92113",32.69991746,-117.1330659,,"Sun Closed, Mon - Tues 11:30am - 8:00pm, Wed - Sat 9:30am - 6:00pm",,,,,,,City of San Diego,,,,,,,,,,,,,,,,,,,,,,,,,,
18da78e9-764b-4208-b121-f180460b6802,Linda Vista Branch Library,"2160 Ulric St, San Diego, CA 92111",32.78318758,-117.1700672,,Sun Closed; Mon - Tues 11:30am - 8:00pm; Wed - Sat 9:30am - 6:00pm,,,,,,,City of San Diego,,,,,,,,,,,,,,,,,,,,,,,,,,
14efa45d-be0e-4ffd-a213-434413417b1d,Mira Mesa Branch Library,"8405 New Salem St, San Diego, CA 92126",32.91521706,-117.1430249,,"Sun - Mon Closed;  Tues 11:30am - 8:00pm, Wed - Sat 9:30am - 6:00pm",,,,,,,City of San Diego,,,,,,,,,,,,,,,,,,,,,,,,,,
a72c60ef-7cc7-4753-bb33-bdc73a5843a1,Rancho Bernardo Branch Library,"17110 Bernardo Center Dr, San Diego, CA 92128",33.02491273,-117.0753782,1,Mon - Tues 11:30am - 8:00pm; Wed - Sat 9:30am - 6:00pm; Sun Closed,1,0,1,1,0,1,City of San Diego,3,53:56.7,1,,,,,,,,,,,,,,,,,,,,,,,
c535eab8-7102-4228-af7c-7d1c9d72642d,Vista Branch Library,"700 Eucalyptus Ave, Vista, CA 92084",33.20200309,-117.2326609,,"Mon - Thurs 9:00am - 12:00pm & 2:00pm - 8:00pm, Fri 9:00am - 12:00pm & 2:00pm - 6:00pm, Sat 9:00am - 1:00pm, Sun closed",,,,,,,San Diego County,,,,,,,,,,,,,,,,,,,,,,,,,,
d7963339-7744-4d2b-9d29-5fc4bc08f041,Buelow Park,"300 Autumn Dr, San Marcos, CA 92069",33.14381655,-117.1690632,,"Mon - Thurs 9:00am - 12:00pm & 2:00pm - 8:00pm, Fri 9:00am - 12:00pm & 2:00pm - 6:00pm, Sat 9:00am - 1:00pm, Sun closed",,,,,,,City of San Marcos,,,,,,,,,,,,,,,,,,,,,,,,,,
1b9dedc9-4129-4f60-b845-a81b1e5a477c,Scripps Ranch Branch Library,"10301 Scripps Lake Dr, San Diego, CA 92131",32.91118491,-117.1051841,,Mon - Tues 11:30am - 8:00pm; Wed - Sat 9:30am - 6:00pm; Sun Closed,,,,,,,City of San Diego,,,,,,,,,,,,,,,,,,,,,,,,,,
1ef9a236-ef6f-4c92-8fbb-15c88b5e3630,Serra Mesa-Kearny Mesa Branch Library,"9005 Aero Dr, San Diego, CA 92123",32.8090613,-117.1337185,1,Mon - Tues 11:30am - 8:00pm; Wed - Sat 9:30am - 6:00pm; Sun Closed,1,0,1,1,0,1,City of San Diego,3,,1,,,,,,,,,,,,,,,,,,,,,,,
ef1ef33b-7335-4ae5-a344-28f143244ffb,Ocean Beach Branch Library,"4801 Santa Monica Ave, San Diego, CA 92107",32.7454049,-117.247269,,"Mon - Tues 11:30am - 8pm, Wed - Thurs 9:30am - 6pm, Fri - Sun closed",,,,,,,City of San Diego,,,,,,,,,,,,,,,,,,,,,,,,,,
18d7401c-fa50-4ec8-808b-5d2668f28374,Mountain View/Beckwourth Branch Library,"721 San Pasqual St, San Diego, CA 92113",32.69796352,-117.1027557,,Sun Closed; Mon - Tues 11:30am - 8:00pm; Wed - Sat 9:30am - 6:00pm,,,,,,,City of San Diego,,,,,,,,,,,,,,,,,,,,,,,,,,
28121208-aeb6-47ee-b231-ea1c3d7c904a,North Clairemont Branch Library,"4616 Clairemont Dr, San Diego, CA 92117",32.82829629,-117.2064595,,Sun Closed; Mon & Thurs - Sat 9:30am - 6:00pm; Tues - Wed 11:30am-8:00pm,,,,,,,City of San Diego,,,,,,,,,,,,,,,,,,,,,,,,,,
1aa0d58c-f04c-42fd-9be8-37eb2c1c4a09,North Park Public Library,"3795 31st St, San Diego, CA 92104",32.74716578,-117.1268655,,Sun Closed; Mon - Tues 11:30am - 8:00pm; Wed - Sat 9:30am - 6:00pm,,,,,,,City of San Diego,,,,,,,,,,,,,,,,,,,,,,,,,,
070a55bc-8380-4345-a20b-ebbddc487256,North University Community Branch Library,"8820 Judicial Drive, San Diego, CAA 92122",32.86761166,-117.1991351,,"Sun Closed, Mon - Tues 11:30am - 8:00pm, Wed - Sat 9:30am - 6:00pm",,,,,,,City of San Diego,,,,,,,,,,,,,,,,,,,,,,,,,,
ae84a60c-793a-47b4-b9f1-f8b1a332f22f,Paradise Hills Branch Library,"5922 Rancho Hills Dr, San Diego, CA 92139",32.67268403,-117.061235,,Sun Closed; Mon - Tues 11:30am - 8:00pm; Wed - Sat 9:30am - 6:00pm,,,,,,,City of San Diego,,,,,,,,,,,,,,,,,,,,,,,,,,
64e1dfab-7b20-4e54-853b-da2e26b9c65b,Point Loma/Hervey Branch Library,"3701 Voltaire St, San Diego, CA 92107",32.74005059,-117.2293833,,"Sat - Sun Closed, Mon - Tues 11:30am - 8:00pm, Wed - Fri 9:30am - 6:00pm",,,,,,,City of San Diego,,,,,,,,,,,,,,,,,,,,,,,,,,
51b32206-6b4c-4009-817e-63ad175d82fa,La Jolla/Riford Branch Library,"7555 Draper Ave, La Jolla, CA 92037",32.84076317,-117.2761148,,"Sun Closed, Mon - Tues 11:30am - 8:00pm, Wed - Sat 9:30am - 6:00pm",,,,,,,City of San Diego,,,,,,,,,,,,,,,,,,,,,,,,,,
a97049cc-fad6-4551-8d57-9ef783dc5c18,South Clairemont Recreation Center,"3605 Clairemont Dr, San Diego, CA 92117",32.80635264,-117.2005355,,Mon - Wed 9:00am - 8:00pm; Thurs 9:00am - 7:00pm; Fri 12:00pm - 7:00pm; Sat 9:00am - 3:00pm; Sun 11:00am - 3:00pm,,,,,,,City of San Diego,,,,,,,,,,,,,,,,,,,,,,,,,,
90b9ffd9-6370-4aa2-876a-202ffe6009cf,Rancho Guajome Adobe,"2210 N Santa Fe Ave, Vista, CA 92083",33.23317815,-117.2539116,,Mon - Thurs open to the public,,,,,,,San Diego County,,,,,,,,,,,,,,,,,,,,,,,,,,
ac08799b-f3b1-4154-bdcc-f23db3f6d657,Carmel Valley Swimming Pool,"3777 Townsgate Dr, San Diego, CA 92130",32.94865116,-117.2334851,,Wed 5:30pm - 8:30pm,,,,,,,City of San Diego,,,,,,,,,,,,,,,,,,,,,,,,,,
f3153f0f-bccf-4132-9eb8-13499334881e,Ocean Air Recreation Center,"4770 Fairport Way, San Diego, CA 92130",32.92790556,-117.217025,,Mon 10:00am - 7:00pm; Tues 9:00am - 8:00pm; Wed 9:00am - 9:00pm; Thurs - Fri 10:00am - 9:00pm; Sat 9:00am - 3:00pm; Sun Closed,,,,,,,City of San Diego,,,,,,,,,,,,,,,,,,,,,,,,,,
3b9d065e-cb07-452d-a49f-294aa280fe39,Oceanside Public Library Mission Branch,"3861 Mission Ave, Oceanside, CA 92058",33.2260592,-117.3284387,,Mon - Thurs 9:00am - 7:00pm; Fri - Sat 9:00am - 6:00pm; Sun 1:00pm - 5:00pm,,,,,,,City of Oceanside,,,,,,,,,,,,,,,,,,,,,,,,,,
c4bf5ab8-32fe-4c49-885e-0a542527b078,Oceanside Public Library,"330 N Coast Hwy, Oceanside, CA 92054",33.19747865,-117.3804781,,"Sun Closed, Mon - Thurs 10:00am - 8:00pm, Fri - Sat 10:00am - 6:00pm",,,,,,,City of Oceanside,,,,,,,,,,,,,,,,,,,,,,,,,,
ef43488e-1acc-467e-a09c-54dfdc8b4b14,Rancho Bernardo Recreation Center,"18448 W Bernardo Dr, San Diego, CA 92127",33.04817985,-117.076977,,Mon - Thurs 9:00am - 8:00pm; Fri 9:00am - 7:00pm; Sat 9:00am - 3:00pm; Sun Closed,,,,,,,City of San Diego,,,,,,,,,,,,,,,,,,,,,,,,,,
122c0497-a25e-420d-b635-706fa8fcda71,Library Learning Center,"3368 Eureka Pl, Carlsbad, CA 92008",33.15933287,-117.3385741,,"Mon - Thurs 11:00am - 6:00pm, Fri 11:00am - 5:00pm, Sat - Sun closed",,,,,,,City of Carlsbad,,,,,,,,,,,,,,,,,,,,,,,,,,
03a2c2a3-c821-433e-868e-7200fd27a297,Civic Center Branch Library,"365 F St, Chula Vista, CA 91910",32.64101333,-117.0832418,,Sun 1:00pm - 5:00pm; Mon - Thurs 10:00am - 8:00pm; Fri - Sat 10:00am - 5:00pm,,,,,,,City of Chula Vista,,,,,,,,,,,,,,,,,,,,,,,,,,
8a2973b0-2039-418e-905f-f73e137542ac,South Chula Vista Branch Library,"389 Orange Ave, Bonita, CA 91911",32.60183868,-117.0685,,"Mon - Tues 11:30am - 8:00pm, Wed - Sat 9:30am - 6:00pm, Sun closed",,,,,,,City of Chula Vista,,,,,,,,,,,,,,,,,,,,,,,,,,
cbf732cb-d946-4234-819e-6badc34268a9,Ocean Beach Recreation Center,"4726 Santa Monica Ave, San Diego, CA 92107",32.74499642,-117.2454987,,Mon 10:00am - 8:00pm; Tues - Thurs 9:00am - 8:00pm; Fri 9:00am - 7:00pm; Sat 9:00am - 4:00pm; Sun Closed,,,,,,,City of San Diego,,,,,,,,,,,,,,,,,,,,,,,,,,
0dac38e1-2b01-4fe8-bf18-7db9db24edff,Carlsbad City Library,"1775 Dove Ln, Carlsbad, CA 92011",33.10512222,-117.2694893,,"Sun Closed, Mon & Wed - Thurs 10:00am - 6:00pm, Tues 12:00pm - 7:00pm, Fri - Sat 10:00am - 5:00pm",,,,,,,City of Carlsbad,,,,,,,,,,,,,,,,,,,,,,,,,,
24b9e149-d179-4519-a498-fc98f5bcb2aa,Presidio Recreation Center,"2811 Jackson St, San Diego, CA 92110",32.75833109,-117.1959942,,Mon - Fri 12:00pm - 8:00pm;  Sat 9:00am - 2:00pm; Sun Closed,,,,,,,City of San Diego,,,,,,,,,,,,,,,,,,,,,,,,,,
548d0123-7d88-4f94-a6a7-b984229648ec,Colina Del Sol Park Recreation Center,"5319 Orange Ave, San Diego, CA 92115",32.75275073,-117.0800825,,Mon - Thurs 11:00am - 9:00pm; Fri 12:00pm - 7:00pm; Sat 9:00am - 5:00pm; Sun 12:00pm - 5:00pm,,,,,,,City of San Diego,,,,,,,,,,,,,,,,,,,,,,,,,,
66d564c0-34b5-4409-813f-af2ce32a1155,Linda Vista Gymnasium,"7064 Levant St, San Diego, CA 92111",32.79221004,-117.169974,1,Sun 9:00am - 3:00pm; Mon - Thurs 10:00am - 8:00pm; Fri 11:00am - 7:00pm; Sat 9:00am - 3:00pm,1,0,0,1,2,1,City of San Diego,3,6/13/24 17:13,2,,,,,,,,,,,,,,,,,,,,,,,
e519bc17-1204-42ee-9f41-314062b8cb84,Montgomery-Waller Recreation Center,"3020 Coronado Ave, San Diego, CA 92154",32.57902921,-117.0688667,,Mon - Thurs 11:00am - 8:00pm; Fri 11:00am - 6:00pm;  Sat - Sun 9:00am - 5:00pm,,,,,,,City of San Diego,,,,,,,,,,,,,,,,,,,,,,,,,,
14bdc7bc-5509-4bd2-930f-ee42848684a7,Paradise Hills Recreation Center,"6610 Potomac St, San Diego, CA 92139",32.68517832,-117.0509546,,Mon - Thurs 11:00am - 9:00pm; Fri 11:00am - 7:00pm; Sat - Sun 9:00am - 3:00pm,,,,,,,City of San Diego,,,,,,,,,,,,,,,,,,,,,,,,,,
288cba29-93d8-4e97-a877-fb1369d8acfc,Cabrillo Recreation Center,"3051 Cañon St, San Diego, CA 92106",32.72179338,-117.2327009,,Mon - Thurs 12:00pm - 7:00pm; Fri 11:00am - 6:00pm; Sat 9:00am - 2:00pm; Sun Closed,,,,,,,City of San Diego,,,,,,,,,,,,,,,,,,,,,,,,,,
15f36506-b17b-478e-a36b-046ca55ab3f0,Spring Valley Community Center,"8735 Jamacha Blvd, Spring Valley, CA 91977",32.70676428,-117.0077805,,"Mon - Tues 11:30am - 8:00pm, Wed - Sat 9:30am - 6:00pm, Sun closed",,,,,,,San Diego County,,,,,,,,,,,,,,,,,,,,,,,,,,
ff134a82-b66b-4d13-b631-baec904e208b,Lakeside Community Center,"9841 Vine St, Lakeside, CA 92040",32.85909585,-116.9202379,,Mon - Fri 12:00pm - 8:00pm; Sat - Sun special events,,,,,,,San Diego County,,31:42.8,,,,,,,,,,,,,,,,,,,,,,,,
d47b11d1-aefb-4fdb-9363-567478b7bbe3,Ned Baumer Swimming Pool,"10440 Black Mountain Rd, San Diego, CA 92126",32.9078543,-117.1214161,,"Pool closed until Jan 15, 2023; maybe SanDiego.gov will update hours once it reopens.",,,,,,,City of San Diego,,,,,,,,,,,,,,,,,,,,,,,,,,
41e68b98-41fd-46d0-8a02-c18adf166c72,Azalea Park Recreation Center,"2596 Violet St, San Diego, CA 92105",32.73236468,-117.1081549,,Mon - Thurs 2:00pm - 7:00pm; Fri 2:00pm - 6:00pm; Sat 10:00am - 4:00pm; Sun 11:00am - 4:00pm,,,,,,,City of San Diego,,,,,,,,,,,,,,,,,,,,,,,,,,
ff2956a5-ff4e-4070-b4b9-897b0f931aab,Junior Seau Community Center,"300 The Strand N Suite A, Oceanside, CA 92054",33.19493229,-117.3844565,,"Mon - Tues 11:30am - 8:00pm, Wed - Sat 9:30am - 6:00pm, Sun closed",,,,,,,City of Oceanside,,,,,,,,,,,,,,,,,,,,,,,,,,
c82ebea7-95e5-40a5-b58f-873e70e13062,San Elijo Recreation Center,"1105 Elfin Forest Rd, San Marcos, CA 92078",33.10000367,-117.2015977,,"Mon - Tues 11:30am - 8:00pm, Wed - Sat 9:30am - 6:00pm, Sun closed",,,,,,,City of San Marcos,,,,,,,,,,,,,,,,,,,,,,,,,,
971e8cee-c1f0-4aef-bb29-139c0410ce06,Country Club Senior Center,"455 Country Club Ln, Oceanside, CA 92054",33.19677007,-117.3648981,,"Mon - Tues 11:30am - 8:00pm, Wed - Sat 9:30am - 6:00pm, Sun closed",,,,,,,City of Oceanside,,,,,,,,,,,,,,,,,,,,,,,,,,
2b5c37a4-df22-4fcb-9404-7e8396415163,Hilltop Recreation Center,"9711 Oviedo Way, San Diego, CA 92129",32.97149433,-117.1187523,,"Mon, Wed, Fri 12:00pm - 5:00pm; Tues 12:00pm - 7:00pm; Thurs 12:00pm - 7:30pm; Sat 9:00am - 3:00pm; Sun Closed",,,,,,,City of San Diego,,,,,,,,,,,,,,,,,,,,,,,,,,
afe292cc-0afc-4761-9ecb-4c9c7062ec30,Hourglass Gymnasium,"J-100 Gymnasium, 10440 Black Mountain Rd, San Diego, CA 92126",32.9075548,-117.1204251,,Mon & Wed 10:00am - 9:00pm; Tues & Thurs 1:00pm - 9:00pm; Fri 11:00am - 8:00pm; Sat 9:00am - 4:00pm; Sun 10:00am - 4:00pm,,,,,,,City of San Diego,,,,,,,,,,,,,,,,,,,,,,,,,,
1c79ab1d-1a6f-4dfe-8053-168a9a4c126f,Salt Creek Recreation Center,"2710 Otay Lakes Rd, Chula Vista, CA 91915",32.64381088,-116.9448317,,"Mon - Tues 11:30am - 8:00pm, Wed - Sat 9:30am - 6:00pm, Sun closed",,,,,,,City of Chula Vista,,,,,,,,,,,,,,,,,,,,,,,,,,
62d3694d-87cd-4981-af10-ebc387c3dbbb,Rancho Bernardo Ed Brown Senior Center,"18402 W Bernardo Dr, San Diego, CA 92127",33.04730752,-117.0772626,,Mon - Thurs 9:00am - 3:00pm; Fri 9:00am - 1:00pm; Sat - Sun Closed,,,,,,,City of San Diego,,,,,,,,,,,,,,,,,,,,,,,,,,
065b8a76-c98b-4815-96db-59c83b47a9ce,Rancho Bernardo Community Park Softball Fields,"18448 W Bernardo Dr, San Diego, CA 92127",33.04805172,-117.0744329,,24/7,,,,,,,City of San Diego,,,,,,,,,,,,,,,,,,,,,,,,,,
a735a7c4-4ff2-4bf9-b947-ab78f3404991,Chula Vista Heritage Park,"1339 E Palomar St, Chula Vista, CA 91913",32.62440397,-116.9971869,1,"Mon - Tues closed, Wed - Sun 9:30am - 4:00pm",,,,,,,City of Chula Vista,,,,,,,,,,,,,,,,,,,,,,,,,,
9ec4ed35-9a36-45d3-8582-2b73db9279d0,Montevalle Recreation Center,"840 Duncan Ranch Rd, Chula Vista, CA 91914",32.65894166,-116.9521007,,"Mon - Wed 8:30am - 6:00pm, Thurs - Fri 8:30am - 4:00pm, Fri 9:30am - 2:30pm, Sun closed",,,,,,,City of Chula Vista,,,,,,,,,,,,,,,,,,,,,,,,,,
6a761ac9-1948-4ccb-b239-9688bc0401df,Doyle Community Park Playground,"8175 Regents Rd, San Diego, CA 92122",32.86420374,-117.2206453,,24/7,,,,,,,City of San Diego,,,,,,,,,,,,,,,,,,,,,,,,,,
adb63f4e-468b-4bef-b6fa-7f9f7abe9721,Doyle Community Park,"8175 Regents Rd, San Diego, CA 92122",32.86469777,-117.2184402,,24/7,,,,,,,City of San Diego,,,,,,,,,,,,,,,,,,,,,,,,,,
c754d087-35b5-4e2c-965e-5cba95a0c0dd,Doyle Recreation Center,"8175 Regents Rd, San Diego, CA 92122",32.86449658,-117.2208411,,Mon - Thurs 9:00am - 9:00pm; Fri 1:00pm - 7:00pm; Sat 9:00am - 3:00pm; Sun Closed,,,,,,,City of San Diego,,,,,,,,,,,,,,,,,,,,,,,,,,
6212d02b-ca4c-4bc6-ba3e-5b1cdd79d2fe,Kumeyaay Lake,"2 Father Junipero Serra Trail San Diego, CA 92119",32.83982992,-117.0335786,,8:00am - 10:00pm,,,,,,,City of San Diego & Mission Trails Regional Park,,,,,,,,,,,,,,,,,,,,,,,,,,
9e29421b-f375-4afd-af12-9066f51bcfaf,Kearny Mesa Swimming Pool,"3170 Armstrong St, San Diego, CA 92111",32.80184307,-117.1652331,,Tues & Thurs 12:00pm - 5:00pm,,,,,,,City of San Diego,,,,,,,,,,,,,,,,,,,,,,,,,,
229df37b-685c-4a23-b8a6-db0dc3f36770,Allied Gardens Pool,"6707 Glenroy St, San Diego, CA 92120",32.7941158,-117.0811203,1,Mon & Fri 9:00am - 7:00pm; Wed 2:00pm - 7:00pm,1,0,1,0,0,1,City of San Diego,3,10/16/22 16:24,3,,,,,,,,,,,,,,,,,,,,,,,
61d9c3a0-8414-4e64-a702-0d3b0cd2c81a,Swanson Memorial Swimming Pool,"3585 Governor Dr, San Diego, CA 92122",32.85174263,-117.2095922,,Mon & Wed 11:15am - 4:00pm; Fri 12:00pm - 3:00pm,,,,,,,City of San Diego,,,,,,,,,,,,,,,,,,,,,,,,,,
c10c625c-cd13-416a-b33f-070ecc478522,John Landes Recreation Center,"2855 Cedar Rd, Oceanside, CA 92056",33.1946704,-117.2854987,,"Mon, Wed, & Fri 9:00am - 4:30pm, All other days closed",,,,,,,City of Oceanside,,,,,,,,,,,,,,,,,,,,,,,,,,
b13396e1-e206-4fce-bf9d-6150e5fa2ec5,Carmel Valley Park,"3777 Townsgate Dr, San Diego, CA 92130",32.94846944,-117.2326972,,24/7,,,,,,,City of San Diego,,,,,,,,,,,,,,,,,,,,,,,,,,
b31ba17b-a386-4258-92c6-b0891fa94305,Carmel Valley Recreation Center,"3777 Townsgate Dr, San Diego, CA 92130",32.94865343,-117.2339974,,"Mon, Wed, & Fri 9:00am - 8:00pm; Tues 9:00am - 6:00pm; Thurs 9:00am - 9:00pm, Sat 9:00am - 3:00pm; Sun Closed",,,,,,,City of San Diego,,,,,,,,,,,,,,,,,,,,,,,,,,
155dbe14-1ea4-4015-9b02-da6ac2623612,Carmel Valley Skatepark,"12600 El Camino Real, San Diego, CA 92130",32.94781768,-117.2377944,,"10:00am - 8:00pm, daily",,,,,,,City of San Diego,,,,,,,,,,,,,,,,,,,,,,,,,,
08f0a112-d6fa-4046-80c8-8876091cf713,Carmel Mountain Ranch/Sabre Springs Recreation Center,"10152 Rancho Carmel Dr, San Diego, CA 92128",32.96706535,-117.0911807,1,"Mon, Wed, & Fri 9:00am - 8:00pm, Tues &Thurs 9:30am - 8:00pm, Sat 9:00am - 3:00pm, Sun closed",1,0,1,1,0,1,City of San Diego,3,6/24/23 16:41,2,,,,,,,,,,,,,,,,,,,,,,,
6ae2da60-025f-46da-876f-b7ae1af3107c,Spring Valley Branch Library,"836 Kempton St, Spring Valley, CA 91977",32.71218746,-117.0025008,,"Mon, Wed, & Thurs 10:00am - 6:00pm, Tues12:00pm - 7:00pm, Fri 10:00am - 5:00pm, Sat - Sun closed",,,,,,,San Diego County,,,,,,,,,,,,,,,,,,,,,,,,,,
dbf2ede0-e13f-4d6f-a67a-53e8bf718d5a,North Park Recreation Center,"4044 Idaho St, San Diego, CA 92104",32.75104716,-117.134126,,"Mon, Tues, Thurs, Fri 11:00am - 8:00pm; Wed 9:00am - 8:00pm; Sat 9:00am - 5:00pm; Sun 9:00am - 4:00pm",,,,,,,City of San Diego,,,,,,,,,,,,,,,,,,,,,,,,,,
710c4a41-a393-42f7-b63e-8596170655f5,Ramona Branch Library,"1275 Main St, Ramona, CA 92065",33.03985712,-116.8732765,,"Mon, Wed, Thurs 10:00am - 6:00pm, Tues 12:00pm - 7:00pm, Fri - Sat 10:00am - 5:00pm, Sun closed",,,,,,,San Diego County,,,,,,,,,,,,,,,,,,,,,,,,,,
6cc091a9-8f93-4b40-a071-ec425dbf0c81,Rancho San Diego Library,"11555 Via Rancho San Diego, El Cajon, CA 92019",32.74913704,-116.9289185,,"Mon, Wed, Thurs 10:00am - 6:00pm, Tues 12:00pm - 7:00pm, Fri - Sat 10:00am - 5:00pm, Sun closed",,,,,,,San Diego County,,,,,,,,,,,,,,,,,,,,,,,,,,
0caaa363-fbae-4a71-aba2-bd56bb4f3aa0,4S Ranch Branch Library,"10433 Reserve Dr, San Diego, CA 92127",33.02111102,-117.1142985,,"Sun Closed, Mon & Wed - Thurs 10:00am - 6:00pm, Tues 12:00pm - 7:00pm, Fri - Sat 10:00am - 5:00pm",,,,,,,San Diego County,,,,,,,,,,,,,,,,,,,,,,,,,,
d550e29e-19e2-484f-b5ed-f22449037446,Lakeside Branch Library,"12428 Woodside Ave, Lakeside, CA 92040",32.85737977,-116.9242471,1,"Sun Closed, Mon & Wed - Thurs 10:00am - 6:00pm, Tues 12:00pm - 7:00pm, Fri - Sat 10:00am - 5:00pm",1,1,1,1,2,1,San Diego County,3,02:49.1,1,,,,,,,,,,,,,,,,,,,,,,,
d9ba97b0-c3ba-460c-87f9-bfaf2bc81822,Park de la Cruz Recreation Center,"3901 Landis St, San Diego, CA 92105",32.74579874,-117.1103848,,Mon - Wed 8:30am - 6:00pm; Thurs - Fri 8:30am - 4:00pm; Sat 9:30am - 2:30pm; Sun Closed,,,,,,,City of San Diego,,,,,,,,,,,,,,,,,,,,,,,,,,
5a9cc390-bbe7-40f4-907c-e73a125cf587,South Carlsbad State Beach Ponto Road N,"7201 Carlsbad Blvd Carlsbad, CA 92008",33.09781649,-117.3170908,,"Mon & Thurs 10:00am - 6:00pm, Tues - Wed 12:00pm - 7:00pm, Fri - Sun 10:00am - 5:00pm",,,,,,,State of CA,,,,,,,,,,,,,,,,,,,,,,,,,,
3de574d7-b068-4041-8a56-95b6b8bdae0d,South Carlsbad State Beach Ponto Road S,"7201 Carlsbad Blvd, Carlsbad, CA 92008",33.09325204,-117.3152727,,"Mon & Thurs 10:00am - 6:00pm, Tues & Wed 12:00pm - 7:00pm, Fri - Sun 10:00am - 5:00pm",,,,,,,State of CA,,,,,,,,,,,,,,,,,,,,,,,,,,
2f17e7ed-e27f-4576-82ea-c67e29421500,South Carlsbad State Beach (Tower 27),"7201 Carlsbad Blvd Carlsbad, CA 92008",33.11110883,-117.3226848,,Fri - Sun 10:00am - 4:00pm,,,,,,,State of CA,,,,,,,,,,,,,,,,,,,,,,,,,,
ff4d8a75-8c52-4819-86b6-28920d0e0662,Balboa Branch Library,"4255 Mt Abernathy Ave, San Diego, CA 92117",32.82230412,-117.1749592,,Sun Closed; Mon - Tues 11:30am - 8:00pm; Wed - Sat 9:30am - 6:00pm,,,,,,,City of San Diego,,,,,,,,,,,,,,,,,,,,,,,,,,
9af20c50-46c2-4654-b106-6aa428882c39,Skyline Recreation Center,"8285 Skyline Dr, San Diego, CA 92114",32.70568689,-117.0260824,,Mon & Wed 10:00am - 8:00pm; Tues & Thurs 10:00am - 9:00pm; Fri 10:00am - 7:00pm; Sat 8:00am - 5:00pm; Sun Closed,,,,,,,City of San Diego,,,,,,,,,,,,,,,,,,,,,,,,,,
afcf774a-4282-434e-9040-4f512a72a763,Bostonia Park & Recreation Center,"1049 Bostonia St, El Cajon, CA 92021",32.80918169,-116.9333,,"Mon, Wed, Thurs, Fri 24/7, Tues 6:00am - 10:00pm",,,,,,,City of El Cajon,,,,,,,,,,,,,,,,,,,,,,,,,,
f976ef81-00ea-4021-94d5-52bf49b51ed2,Encinitas Transit Center (Breeze),"25 E D St, Encinitas, CA 92024",33.04708534,-117.2932322,,Mon - Fri 5:21am - 10:48pm; Sat - Sun 5:46am - 9:35pm,,,,,,,North County Transit District (Breeze),,,,,,,,,,,,,,,,,,,,,,,,,,
7aede19b-b4a3-4973-8991-c007e79a0455,Ashley Falls Park,"13030 Ashley Falls Dr, San Diego, CA 92130",32.95720556,-117.2085389,,24/7,,,,,,,City of San Diego,,,,,,,,,,,,,,,,,,,,,,,,,,
b99ead41-ce02-4256-aaa0-ff501e5c7715,Cerro de las Posas Park,"1387 W Borden Rd, San Marcos, CA 92069",33.15963097,-117.1874622,1,Unknown,,,,,,,City of San Marcos,,,,,,,,,,,,,,,,,,,,,,,,,,
2af27d29-c51a-49fb-9b54-b1645667f83f,Court Park Del Mar,"201 Court St, Del Mar, CA 92014",32.96669464,-117.2659029,,"8:00am - 3:330pm, daily",,,,,,,City of Del Mar,,7/4/23 15:55,,,,,,,,,,,,,,,,,,,,,,,,
7d66e516-1e3b-43f8-bc06-c294b03743db,Crestline Group Campground,"Summit Cir & E Grade Rd, San Diego CA 92070",33.31277175,-116.8647064,,"6:00am - 8:00pm, daily",,,,,,,Cleveland National Forest,,,,,,,,,,,,,,,,,,,,,,,,,,
73a0a5ce-34a9-4ab6-a01a-d3fc883d0a6b,Don E Anderson Community Building,"120 Woodward Ave, Escondido, CA 92025",33.12596903,-117.0844861,,Unknown,,,,,,,City of Escondido,,,,,,,,,,,,,,,,,,,,,,,,,,
cd08e1c5-a4a7-4602-88e5-921f80fcddf7,Hillside Center Park,"840 Buena Terrace, El Cajon, CA 92020",32.80658197,-116.9859882,,Unknown,,,,,,,City of El Cajon,,,,,,,,,,,,,,,,,,,,,,,,,,
ed0a247d-3a36-4456-9d34-80448afcbbb3,Jack's Pond Park,"986 La Moree Rd, San Marcos, CA 92078",33.13018411,-117.140616,,Unknown,,,,,,,City of San Marcos,,,,,,,,,,,,,,,,,,,,,,,,,,
74c5f512-8d32-4833-b609-039a4160feac,Lakeside Baseball Field,"10030 Marathon Pkwy, Lakeside, CA 92040",32.85433356,-116.9525975,,Call for hours and field availability,,,,,,,San Diego County,,,,,,,,,,,,,,,,,,,,,,,,,,
48e43e65-dbf0-4cb5-a587-6a7e8a074be9,Mathes Community Center,"247 S Kalmia St, Escondido, CA 92025",33.12066934,-117.0791334,,Mon - Fri 8:00am - 5:00pm,,,,,,,City of Escondido,,,,,,,,,,,,,,,,,,,,,,,,,,
40595a9d-2a15-4c55-aa2c-77a8329602c8,Oak Hill Activity Center,"405 S Midway Dr, Escondido, CA 92027",33.13170259,-117.0483928,,Unknown,,,,,,,City of Escondido,,,,,,,,,,,,,,,,,,,,,,,,,,
40861204-de2d-4191-acf8-34927916fc15,South Village Neighborhood Park,"14756 Via Azul, San Diego, CA 92127",32.99465275,-117.1608948,,Not Available,,,,,,,City of San Diego,,,,,,,,,,,,,,,,,,,,,,,,,,
fcf6fc67-bd36-4ef1-927b-1dae75529e05,Valle Verde Park,"16899 St Andrews Dr, Poway, CA 92064",33.01941111,-117.0454667,1,Sunrise to Sunset,1,0,1,1,0,2,City of Poway,3,04:11.2,,1,,,,,,,,,,,,,,,,,,,,,,
464dc111-60ce-46fe-beae-2a8914aa3572,Veterans Park (Fallbrook),"Glenn Crawford St, Fallbrook, CA 92028",33.3855337,-117.2240087,,Unknown,,,,,,,City of Fallbrook,,,,,,,,,,,,,,,,,,,,,,,,,,
03c120f6-b1bb-456a-9176-60875e0a300f,Vista Transit Center (Sprinter),"240 N Santa Fe Ave, Vista, CA 92083",33.2029534,-117.2447864,,Not Available,,,,,,,North County Transit District (Sprinter),,,,,,,,,,,,,,,,,,,,,,,,,,
4aa7a7ce-220e-4be4-8cc4-258ec55dbd6a,Yacht Basin Shelter Island,"1407a Shelter Island Dr, San Diego, CA 92106",32.70889597,-117.2339392,,6:00am - 10:30am,,,,,,,Port of San Diego,,,,,,,,,,,,,,,,,,,,,,,,,,
d132fd6b-b358-4066-b129-1e880419f06a,Marshall Street Swim Center,"1404 Marshall St, Oceanside, CA 92054",33.18365827,-117.362971,,Open Seasonally,,,,,,,City of Oceanside,,,,,,,,,,,,,,,,,,,,,,,,,,
1cb8009f-b006-4851-85a0-1583c8e00378,Poway Midland Railroad Train Depot,"14115 Midland Road, Poway, CA 92064",32.96963663,-117.0363339,1,Special Events and Weekends,1,1,1,1,0,2,City of Poway,3,7/16/22 16:33,,1,,,,,,,,,,,,,,,,,,,,,,
18ef86f7-c4fd-4ff1-9c29-960e6029dffd,Clairemont Swimming Pool,"3600 Clairemont Dr, San Diego, CA 92117",32.80531377,-117.1996968,,"Sun Closed; Mon, Wed, Fri 12:00pm - 3:30pm; Tues & Thurs 11:00am - 3:30pm; Sat 12:00pm - 3:00pm",,,,,,,City of San Diego,,,,,,,,,,,,,,,,,,,,,,,,,,
0f2b83a1-d08d-4107-a55b-10a34ee8d005,James A Stone Pool,"131 Woodward Ave, Escondido, CA 92025",33.12483614,-117.0852701,,"Sat - Sun 9:00am - 5:00pm, Mon - Thurs 12:00pm - 9:00pm, Fri 12:00pm - 7 :00pm",,,,,,,City of Escondido,,,,,,,,,,,,,,,,,,,,,,,,,,
a1d2ee23-2ad9-4c7a-9df0-cc3f2917b2ed,Tecolote Nature Center,"5180 Tecolote Road, San Diego, CA 92110",32.77550015,-117.1972506,,Wed - Sat 10:00am - 4:00pm,,,,,,,City of San Diego,,,,,,,,,,,,,,,,,,,,,,,,,,
e195c69f-9f94-49a1-af30-efbae653bd1b,West Hills Park,"8790 Mast Blvd, Santee, CA 92071",32.84757418,-117.0206308,,Dawn to 10:00pm (when fields are rented with lighting),,,,,,,City of Santee,,,,,,,,,,,,,,,,,,,,,,,,,,
78cf1c01-35c6-4250-a4e4-c82925b1720f,Woodland Park Pool,"671 Woodland Pkwy, San Marcos, CA 92069",33.14993295,-117.1314981,,"Sun 3:00pm - 9:00pm, Mon - Fri 12:00pm - 11:00pm, Sat 8:00am - 9:00pm",,,,,,,City of San Marcos,,,,,,,,,,,,,,,,,,,,,,,,,,
2a292afa-2223-4e98-b9b0-b10ca7b12db6,Willie Henderson Sports Complex,"1035 S 45th St, San Diego, CA 92113",32.69466914,-117.0965779,,Call for hours,,,,,,,City of San Diego,,,,,,,,,,,,,,,,,,,,,,,,,,
fc2566e1-fc0d-468b-afaa-39d3334649ee,East Valley Community Center,"2245 E Valley Pkwy, Escondido, CA 92027",33.13885,-117.0457389,1,"Sun - Fri 7:00am - 10:00pm, Sat 6:00am - 9:30pm",,,,,,,City of Escondido,,,,,,,,,,,,,,,,,,,,,,,,,,
21a1e35c-b8c4-4a95-93d1-caf95c710af2,Tierrasanta Community Pool,"11238 Clairemont Mesa Blvd #1524, San Diego, CA 92124",32.83036183,-117.087318,,"Mon, Wed, Fri 12:00pm - 4:00pm; Tues & Thurs 6:00pm - 8:00pm; Sat - Sun Closed",,,,,,,City of San Diego,,,,,,,,,,,,,,,,,,,,,,,,,,
bcedf4ee-3b65-4b1d-a4e8-5ccd3f49a1f0,Campo-Morena Village Branch Library,"31356 CA-94, Campo, CA 91906",32.62432028,-116.475478,,"Sun - Mon closed, Tues 12:00pm - 7:00pm, Wed - Thurs 10:00am - 6:00pm, Fri - Sat 10:00am - 5:00pm",,,,,,,San Diego County,,,,,,,,,,,,,,,,,,,,,,,,,,
42a68b92-b2a3-40f2-bf96-0ab32c8b660d,Cardiff-by-the-Sea Branch Library,"2081 Newcastle Ave, Cardiff, CA 92007",33.02170827,-117.281412,,Sun - Mon Closed;  Tues 12:00pm - 7:00pm; Wed - Thurs 10:00am - 6:00pm; Fri - Sat 10:00am - 5:00pm,,,,,,,San Diego County,,,,,,,,,,,,,,,,,,,,,,,,,,
87c43d7b-d8c3-466f-9fc3-1ceb7b684164,Pine Valley Branch Library,"28804 Old Hwy 80, Pine Valley, CA 91962",32.82365004,-116.5313323,,"Sun - Mon closed, Tues 12:00pm - 8:00pm, Wed - Thurs 9:00am - 6:00pm, Fri 9:00am - 5:00pm, Sat 9:00am - 4:00pm.",,,,,,,San Diego County,,,,,,,,,,,,,,,,,,,,,,,,,,
60365a62-345a-4a7a-b906-cd16e491691e,Potrero Branch Library,"24883 Potrero Valley Rd, Potrero, CA 91963",32.61127064,-116.6126505,,"Sun - Mon closed, Tues 12:00pm - 7:00pm, Wed - Thurs 10:00am - 6:00pm, Fri - Sat 10:00am - 5:00pm",,,,,,,San Diego County,,,,,,,,,,,,,,,,,,,,,,,,,,
0eaa2620-7165-435c-956a-700cbb4188a8,El Corazon Park,"3306 Senior Center Dr, Oceanside, CA 92056",33.20631815,-117.3196074,,"Sun - Mon closed, Tues, Thurs & Sat 12:00pm - 3:00pm, Wed & Fri 12:30am - 5:00pm",,,,,,,City of Oceanside,,,,,,,,,,,,,,,,,,,,,,,,,,
e2a98db1-4c30-45fe-bfa1-e539e3179037,Chula Vista Community Park,"1060 Eastlake Pkwy, Chula Vista, CA 91915",32.64398086,-116.9676296,,"Sun - Thurs 8:00am - 10:00pm, Fri - Sat 8:00am - 11:00pm",,,,,,,City of Chula Vista,,,,,,,,,,,,,,,,,,,,,,,,,,
c85a31bf-da05-41d7-9667-2d24c05df12a,Alder Glen Tot Lot,"608 Shelly Dr, San Marcos, CA 92078",33.13529381,-117.1440392,,"Sun - Thurs 8:00am - 11:00pm, Fri - Sat 7:00am - 12:00am.",,,,,,,City of San Marcos,,,,,,,,,,,,,,,,,,,,,,,,,,
9d2f1ff7-5332-4278-9f1a-02e7cb0bb91d,Oceanside Harbor Parking Lot 3,"1850 N Harbor Dr, Oceanside, CA 92054",33.2127405,-117.3958686,1,"Sun - Thurs 8:00am - 11:00pm, Fri - Sat 7:00am - 12:00am",1,0,0,1,0,2,City of Oceanside,3,9/24/22 13:48,,1,,,,,,,,,,,,,,,,,,,,,,
d92008ce-b88c-490d-876f-38bc7910ff2e,Oceanside Harbor Parking Lot 7,"240 N Pacific St, Oceanside, CA 92054",33.20430465,-117.390575,1,"Sun - Tues & Thurs - Fri 24/7, Wed & Sat 7:00am - 8:00pm",1,0,0,0,0,2,City of Oceanside,3,9/24/22 14:27,,1,,,,,,,,,,,,,,,,,,,,,,
d7820924-387a-4685-92e5-a169a32c1712,Oceanside Harbor Playground,"1370 N Pacific St, Oceanside, CA 92054",33.20685605,-117.395178,1,"Sunrise to Sunset, daily",1,0,1,0,0,2,City of Oceanside,1,9/24/22 14:35,,2,,,,,,,,,,,,,,,,,,,,,,
90c1860e-56c7-4df5-8812-b94086965d8f,Palomar Mountain County Park,"21820 Crestline Rd, Palomar Mountain, CA 92060",33.3131373,-116.8587925,,"Sunrise to Sunset, daily",,,,,,,San Diego County,,,,,,,,,,,,,,,,,,,,,,,,,,
50f8a05a-7118-4159-b72f-c6179c0fb798,Cactus County Park,"10610 Ashwood St, Lakeside, CA 92040",32.87164717,-116.9162239,,"Sunrise to Sunset, daily",,,,,,,San Diego County,,,,,,,,,,,,,,,,,,,,,,,,,,
31f80e7e-3e9a-460d-b7ab-92cef75686e4,Cactus Park BMX,"10610 Ashwood St, Lakeside, CA 92040",32.87080903,-116.9151841,,"Sunrise to Sunset, daily",,,,,,,San Diego County,,,,,,,,,,,,,,,,,,,,,,,,,,
d7423217-7287-48c9-9675-0721d45e021c,Felicita County Park,"742 Clarence Ln, Escondido, CA 92029",33.08247222,-117.0840333,0,"Sunrise to Sunset, daily",,,,,,,San Diego County,,,,,,,,,,,,,,,,,,,,,,,,,,
5f8c8e76-2c4f-4f60-a993-7d6d08aa00ad,Felicita Park Playground,"834 Park Dr, Escondido, CA 92029",33.08322655,-117.0851212,,"Sunrise to Sunset, daily",,,,,,,San Diego County,,,,,,,,,,,,,,,,,,,,,,,,,,
e0b59e20-6f3d-421b-ab0b-e97b0150b9d7,Lake Murray (Laport Street),"7505 El Paso St, La Mesa, CA 91942",32.7881935,-117.0400504,1,"Sunrise to Sunset, daily",0,1,0,1,0,2,City of San Diego & Mission Trails Regional Park,1,5/22/22 16:48,,1,,,,,,,,,,,,,,,,,,,,,,
06c0f898-b947-48e3-893e-4773a48c71e0,Lake Murray (Shira Field),"250 Park Ridge Blvd, San Diego, CA 92119",32.7894923,-117.0433361,1,"Sunrise to Sunset, daily",0,1,0,1,0,2,City of San Diego & Mission Trails Regional Park,1,5/22/22 16:54,,1,,,,,,,,,,,,,,,,,,,,,,
6e18957e-cded-43bb-ab6b-cc139ebf9f47,Mountain View Park (Escondido),"1160 S Citrus Ave, Escondido, CA 92027",33.12865951,-117.0354737,,"Sunrise to Sunset, daily",,,,,,,City of Escondido,,,,,,,,,,,,,,,,,,,,,,,,,,
ba0b6c83-141a-4e52-9ce6-111cbf770823,Old Ironsides County Park,"E Noakes St & Harbinson Canyon, El Cajon, CA 92019",32.82267145,-116.8267724,,"Sunrise to Sunset, daily",,,,,,,San Diego County,,,,,,,,,,,,,,,,,,,,,,,,,,
d2b269ca-ae50-4d3f-801d-025ca06ddff6,Simmons Family Park,"2180 Rocky Point Way, San Marcos, CA 92078",33.12380499,-117.224467,,"Sunrise to Sunset, daily",,,,,,,City of San Marcos,,,,,,,,,,,,,,,,,,,,,,,,,,
bc7497f7-df9d-4e07-a03b-8826d5bd4a39,Flinn Springs County Park (3),"14787 Old Highway 80, El Cajon, CA 92021",32.84726741,-116.8603945,,"Sunrise to Sunset, daily",,,,,,,San Diego County,,,,,,,,,,,,,,,,,,,,,,,,,,
474bddfa-a2b1-4600-ae3f-b594b423d4e9,Fishing Otay Lake City of San Diego Reservoir,"2165 Wueste Rd, Chula Vista, CA 91915",32.61771521,-116.933755,,"Sunrise to Sunset, daily, closed Dec 25",,,,,,,City of San Diego,,,,,,,,,,,,,,,,,,,,,,,,,,
cc938b87-aa25-4211-9033-f777fc9d0234,Rob McLeod Park,"1701 S Iris Ln, Escondido, CA 92026",33.14787192,-117.1003285,,"Sunrise to Sunset, daily, closed Dec 25",,,,,,,City of Escondido,,,,,,,,,,,,,,,,,,,,,,,,,,
652c29f4-a645-4983-a91f-7b4a3d8f469e,Flinn Springs County Park (1),"14787 Old Highway 80, El Cajon, CA 92021",32.84855633,-116.8595201,,"Sunrise to Sunset, daily, closed Dec 25",,,,,,,San Diego County,,,,,,,,,,,,,,,,,,,,,,,,,,
3c28daa9-2010-4b88-996c-b92b3a5996ee,Flinn Springs County Park (2),"14787 Old Highway 80, El Cajon, CA 92021",32.84770907,-116.8604964,,"Sunrise to Sunset, daily, Restrooms closed Dec 25th, also closed in August due to extreme summer heat.",,,,,,,San Diego County,,,,,,,,,,,,,,,,,,,,,,,,,,
623d9919-38f6-4f9f-b901-30f9e0d03330,Vallecito County Park,"37349 Great Southern Overland Stage Route, Julian, CA 92036",32.97556378,-116.3502668,,"Tues - Sat 10:00am - 1:00pm, Sun - Mon closed",,,,,,,San Diego County,,,,,,,,,,,,,,,,,,,,,,,,,,
a3e39439-c569-4fcd-8c1c-e51599002b62,Colina Del Sol Swimming Pool,"4150 54th Pl, San Diego, CA 92105",32.75257135,-117.0790123,,Tues & Thurs 2:00pm - 7:00pm,,,,,,,City of San Diego,,,,,,,,,,,,,,,,,,,,,,,,,,
c9e9259a-c04b-4982-af81-312a116c0a2e,Valley Center History Museum,"29200 Cole Grade Rd, Valley Center, CA 92082",33.24250908,-117.0243977,,Tues - Sat 12:00pm - 4:00pm 24/7,,,,,,,Valley Center Historical Society,,,,,,,,,,,,,,,,,,,,,,,,,,
fec7d7e2-5215-49d3-bb0d-c43223215ea8,Buena Vista Audubon Society,"2202 S Coast Hwy, Oceanside, CA 92054",33.1692692,-117.3567875,,Tues & Thurs 9:00am - 4:00pm,,,,,,,National Audubon Society,,,,,,,,,,,,,,,,,,,,,,,,,,
35972a4d-92ee-42bc-86c4-2d8115f23d90,Campland on the Bay,"2211 Pacific Beach Dr, San Diego, CA 92109",32.79517725,-117.2240536,,Winter Hours: Wed - Sun 8:30am - 4:30pm until March 15th. Summer Hours: Sun - Thurs 10:00am - 6:00pm; Fri - Sat 10:00am - 10:00pm,,,,,,,City of San Diego & Terra Vista Management,,,,,,,,,,,,,,,,,,,,,,,,,,
4fc1c219-559b-4b74-a5de-21382915560e,Ocean Beach Robb Field,"2525 Bacon St, San Diego, CA 92107",32.75379056,-117.2446977,0,8:00am to Dusk,2,0,2,1,3,2,City of San Diego,2,03:04.3,,1,,,,,,,,,,,,,,,,,,,,,,
82644a16-a0ca-4949-a35e-e1fd972d824f,America Plaza Trolley Station,"600 W Broadway, San Diego, CA 92101",32.71609192,-117.1690177,1,8:00am - 5:00pm daily,1,0,0,1,0,4,Irvine Company,1,00:56.2,,,,,2,,,,,,,,,,,,,,,,,,,
da279ad9-2517-40c2-83e4-0b6126d406c0,Pacific Highlands Ranch Recreation Center,"5977 Village Center Loop Rd, San Diego, CA 92130",32.95976587,-117.1866991,,Mon & Fri 9:00am - 7:00pm; Tues & Wed 9:00am - 7:30pm; Wed 9:00am - 9:00pm; Sat 9:00am - 4:00pm; Sun Closed,,,,,,,City of San Diego,,,,,,,,,,,,,,,,,,,,,,,,,,
965b1ff5-4f9d-4bf0-b8b6-d15411f61bc3,Wegeforth Elementary Joint Use,"3443 Ediwhar Ave, San Diego, CA 92123",32.80541372,-117.1357144,,Joint Use Hours,,,,,,,Joint Use between the City of San Diego & San Diego Unified School District,,,,,,,,,,,,,,,,,,,,,,,,,,
4afcedbe-091e-44af-ab9d-b8ae51e9b982,Balboa Park Casa de Balboa,"1649 El Prado, San Diego, CA 92101",32.7310811,-117.1486133,,Mon Closed; Tues - Sun 9:00am - 5:00pm,,,,,,,City of San Diego,,,,,,,,,,,,,,,,,,,,,,,,,,
82ad9d47-205e-4d21-b304-93550e1c1f12,Balboa Park Casa del Prado,"1800 El Prado, San Diego, CA  92101",32.73177938,-117.1482004,,8:00am - 10:00pm,,,,,,,City of San Diego,,,,,,,,,,,,,,,,,,,,,,,,,,
5fbb4d28-0bed-4e4a-a9ce-e3fcbe95ff67,Cabrillo Heights Ball Fields,"8308 Hurlbut St, San Diego, CA 92123",32.80591745,-117.1477309,,24/7,,,,,,,City of San Diego,,,,,,,,,,,,,,,,,,,,,,,,,,
520cf065-75a3-4652-b7b7-4f3e856a4085,Cesar Solis Community Park,"4901 Del Sol Blvd., San Diego, CA  92154",32.57040154,-117.0246762,,24/7,,,,,,,City of San Diego,,,,,,,,,,,,,,,,,,,,,,,,,,
34cded7d-d406-4944-8fa3-17479b387f3f,Park de la Cruz Gymnasium,"3911 Landis St, San Diego, CA 92105",32.74552511,-117.1108148,,Mon - Fri 10:00am - 8:30pm; Sat - Sun 9:00am - 5:00pm; Sun Closed,,,,,,,City of San Diego,,,,,,,,,,,,,,,,,,,,,,,,,,
9fa782ca-ac2f-4138-86a5-7e3758460fa3,Memorial Pool,"2902 Marcy Ave, San Diego, CA 92113",32.69911641,-117.1314862,,Wed 12:00pm - 5:30pm; Fri 2:00pm - 5:30pm; Sat 10:30am - 2:30pm,,,,,,,City of San Diego,,,,,,,,,,,,,,,,,,,,,,,,,,
d00de539-55ea-4b52-880b-cf2833951b9f,Balboa Park San Diego Municipal Gym,"2111 Pan American Plaza, San Diego, CA  92101",32.7269752,-117.1531082,,Mon - Fri 12:00pm - 8:45pm; Sat 9:00am - 4:45pm; Sun Closed,,,,,,,City of San Diego,,,,,,,,,,,,,,,,,,,,,,,,,,
ab5dcb6e-94cf-4ca9-8594-ffe9ede90afe,Old San Ysidro Library,"101 W San Ysidro Blvd, San Diego, CA 92173",32.5526179,-117.0443281,,Rec Center Hours,,,,,,,City of San Diego,,,,,,,,,,,,,,,,,,,,,,,,,,
d05a5739-f469-4aa9-be4b-0221c5e0d3a4,Casa Familiar Recreation Center,"268 East Park Ave San Ysidro, CA 92173",32.55667659,-117.0442919,,Mon - Thurs 9:00am - 6:00pm,,,,,,,City of San Diego,,,,,,,,,,,,,,,,,,,,,,,,,,
c212f97e-d2ce-46b8-bdab-052c6fb17696,Silver Wing Comfort Station,"3737 Arey Dr., San Diego, CA 92154",32.5779845,-117.0536044,,24/7,,,,,,,City of San Diego,,,,,,,,,,,,,,,,,,,,,,,,,,
c35d7c8d-f731-4a3e-abc8-cdc4fcd8ded3,Otay Valley Regional Park Mace Street Equestrian Staging Area,"250 Mace St, Chula Vista, CA 91911",32.59138313,-117.0540715,,8:00am - 5:00pm,,,,,,,City of San Diego,,,,,,,,,,,,,,,,,,,,,,,,,,
65272bd5-4a4e-40e5-be5c-6c57c6859717,Balboa Park Pepper Grove South,"Balboa Park, Pepper Grove, San Diego, CA  92101",32.72799142,-117.1484777,,24/7,,,,,,,City of San Diego,,,,,,,,,,,,,,,,,,,,,,,,,,
de910186-ed3f-44a7-b270-10e03e19c803,Balboa Park Recital Hall,"2130 Pan American Rd. W., San Diego, CA  92101",32.72817562,-117.1535683,,8:00am - 10:00pm,,,,,,,City of San Diego,,,,,,,,,,,,,,,,,,,,,,,,,,
c52e269a-1b6f-4daa-9ed4-e14480f343be,Balboa Park Palisades Building,"2000 Pan American Plaza, San Diego, CA  92101",32.72713797,-117.1542488,,not listed,,,,,,,City of San Diego,,,,,,,,,,,,,,,,,,,,,,,,,,
8ebfe0a2-9cb9-4eea-852c-a350e240f764,Penn Athletic Field and Recreation Center,"2555 Dusk Dr, San Diego, CA 92139",32.67828846,-117.0477726,,Mon - Thurs 1:00pm - 8:00pm; Fri 1:00pm - 7:00pm; Sat 9:00am - 3:00pm; Sun 9:00am - 2:00pm,,,,,,,City of San Diego,,,,,,,,,,,,,,,,,,,,,,,,,,
7a94c5d9-9382-4e82-a0f0-79c537180feb,Sunshine Bernardini Field,"4402 Federal Blvd, San Diego, CA 92105",32.72194369,-117.1002653,,8:00am - 8:00pm,,,,,,,City of San Diego,,,,,,,,,,,,,,,,,,,,,,,,,,
d9128ee5-2d79-45cb-8417-134679864de4,Teralta Park,"4100 Central Ave., San Diego, CA  92015",32.75135974,-117.1082044,0,Permanently Closed,0,0,,0,0,,City of San Diego,1,2026-04-22 17:30,,,,,,,,2026-04-23T00:32:32.129Z,d9128ee5-2d79-45cb-8417-134679864de4,update,MWC,2026-04-22 17:30,Teralta Park,Permanently closed,Accessed from outside the building,Easily Visible,No,No,No,No,Permanently closed,"Clearly unmaintained, with garbage around the perimeter",,TRUE
edc705ad-e9ce-45bf-8b5f-154f5e702089,Balboa Park Tennis Complex,"2221 Morley Field Dr, San Diego, CA 92104",32.74011158,-117.1410309,1,24/7,1,0,0,1,0,2,City of San Diego,3,6/18/24 14:30,,1,,,,,,,,,,,,,,,,,,,,,,
f299bf28-478f-4cb9-abd1-fe95a05ee9f5,Pacific Beach Recreation Center,"1405 Diamond St, San Diego, CA 92109",32.80152474,-117.2449234,1,Mon & Wed 9:00am - 8:00pm; Tues & Thurs 9:00am - 9:00pm; Fri 11:00am - 7:00pm; Sat 9:00am - 3:00pm; Sun Closed,1,0,1,1,0,1,City of San Diego,1,10/24/22 17:09,2,,,,,,,,,,,,,,,,,,,,,,,
a976afdd-5253-48e0-8b2b-9f0dbf72b187,Old Town Leather Depot,"2625 Calhoun St, San Diego, CA 92110",32.7541287,-117.1961343,1,10:00am to 6pm,1,0,0,0,0,2,City of San Diego & CA state parks,1,10/24/22 15:28,,1,,,,,,,,,,,,,,,,,,,,,,
21c7e2f4-2191-4b98-873e-600ebbbc6a77,Old Town El Mercadito,"2754 Calhoun St, San Diego, CA 92110",32.755171,-117.197278,1,Mon - Thurs 11:00am - 9:00pm; Fri 11:00am - 10:00pm; Sat 10:00am - 10:00pm; Sun 10:00am - 9:00pm,1,1,1,1,0,2,"City of San Diego, CA state parks, & OLD TOWN FAMILY HOSPITALITY CORP",1,6/23/24 15:37,,1,,,,,,,,,,,,,,,,,,,,,,
e12db2b1-d8b4-48f1-ba46-6a97d82536ad,Warren Canyon,"16275 Espola Rd, Poway, CA 92064",33.01315422,-117.0094535,,"Sunrise to Sunset, daily",,,,,,,City of Poway,,,,,,,,,,,,,,,,,,,,,,,,,,
1de08be0-5bda-46fb-884d-0a1e6249a3fe,Sweetwater Valley Little League,"3321 Conduit Rd, Bonita, CA 91902",32.67886571,-117.0060593,,"9:30am to Sunset, daily",,,,,,,San Diego County,,,,,,,,,,,,,,,,,,,,,,,,,,
64d49d0c-5123-4b50-b33a-679d32c88e6a,Lake Murray Comfort Station,"7051 Park Ridge Blvd, San Diego, CA 92119",32.79040879,-117.0477067,1,"Sunrise to Sunset, daily",1,0,0,1,0,2,City of San Diego & Mission Trails Regional Park,1,2/22/22 17:57,,1,,,,,,,,,,,,,,,,,,,,,,
505668a2-77e3-499c-8c37-c85992d4093d,Lake Murray (Murray Park Circle),"5540 Kiowa Drive La Mesa, CA 91942",32.7884402,-117.0446173,1,"Sunrise to Sunset, daily",0,1,0,1,0,2,City of San Diego & Mission Trails Regional Park,1,5/22/22 16:51,,1,,,,,,,,,,,,,,,,,,,,,,
8aef2241-6306-4495-9ef6-bbda3c10da15,Oceanside Heritage Park and Museum,"230 Peyri Dr, Oceanside, CA 92057",33.23485905,-117.3213708,,"6:00am - 9:00pm, daily",,,,,,,City of Oceanside,,,,,,,,,,,,,,,,,,,,,,,,,,
3d1efb57-2939-4486-bf24-ce6e7197cf59,La Mesa Municipal Pool and Spa,"5100 Memorial Dr, La Mesa, CA 91942",32.77159949,-117.0175219,,"Winter hours, February 1 - March 10: Mon - Fri 6:00pm - 7:30pm; Mon, Wed, & Fri 6:00am - 8:30am & 11:00am - 3:00pm",,,,,,,City of La Mesa,,,,,,,,,,,,,,,,,,,,,,,,,,
d62689d3-7cc8-49fa-91b6-a5d842750d89,Jim Porter Recreation Center,"1200 Vale Terrace Dr, Vista, CA 92084",33.20954283,-117.2230563,,24/7,,,,,,,City of Vista,,,,,,,,,,,,,,,,,,,,,,,,,,
d3103965-7df8-4231-89ca-f5006da9093a,Gloria McClellan Senior Center,"1400 Vale Terrace Dr, Vista, CA 92084",33.20696336,-117.2182882,,"8:00am - 3:30pm, daily",,,,,,,City of Vista,,,,,,,,,,,,,,,,,,,,,,,,,,
67de1da0-0c35-4a29-b8b9-3668429f2334,Cadman Recreation Center,"4280 Avanti Drive, San Diego, CA 92117",32.82027694,-117.2147912,,Mon - Fri 10:00am - 6:00pm; Sat 8:00am - 2:00pm; Sun Closed,,,,,,,City of San Diego,,,,,,,,,,,,,,,,,,,,,,,,,,
59c1bba1-678d-4d15-a793-807e0c9468fa,Cesar Chavez Recreation Center,"455 Sycamore Road, San Diego, CA 92173",32.54690121,-117.0453924,,Call for hours,,,,,,,City of San Diego,,,,,,,,,,,,,,,,,,,,,,,,,,
95a77f21-0375-416d-9700-16a925f07314,Santa Clara Recreation Center,"1008 Santa Clara Pl, San Diego, CA 92109",32.78353751,-117.2491682,,"Mon, Wed, Fri 11:00am - 7:00pm; Tues, Thurs 11:00am - 7:30pm; Sat 9:00am - 1:00pm; Sun Closed",,,,,,,City of San Diego,,,,,,,,,,,,,,,,,,,,,,,,,,
7589cd39-c9e8-4ce6-b5a6-746cc1b0d7fa,Mission Bay Golf Course,"2702 N Mission Bay Dr, San Diego, CA 92109",32.79974966,-117.2165857,,6:30am - 9:30pm,,,,,,,City of San Diego,,,,,,,,,,,,,,,,,,,,,,,,,,
6904ab2c-6b12-496d-8f3a-9ad09329b21a,Ski Beach North,"1600 Vacation Rd, San Diego, CA 92109",32.77793934,-117.232931,,,,,,,,,City of San Diego,,,,,,,,,,,,,,,,,,,,,,,,,,
cee14aca-d36e-4446-b614-4219a608d08e,Canyonside Recreation Center,"12350 Black Mountain Rd, San Diego, CA 92129",32.9422274,-117.1303504,,Mon - Thurs 9:00am - 8:00pm; Fri 10:00am - 8:00pm; Sat 9:00am - 3:00pm; Sun Closed,,,,,,,City of San Diego,,,,,,,,,,,,,,,,,,,,,,,,,,
3b13e4e8-cd1d-4b67-b5d5-c1a3c8e5ba51,La Jolla Recreation Center,"615 Prospect Dr. La Jolla, CA 92037",32.84336498,-117.2778996,,Mon 10:00am - 6:00pm; Tues - Thurs 9:00am - 7:00pm; Fri 10:00am - 7:00pm; Sat 9:00am - 3:00pm; Sun Closed,,,,,,,City of San Diego,,,,,,,,,,,,,,,,,,,,,,,,,,
a9f8e6b0-d099-41ad-9061-bf87b71c0ed3,Colonel Irving Salomon San Ysidro Community Activity Center,"179 Diza Rd, San Ysidro, CA 92173",32.56506722,-117.0457234,,Mon - Thurs 11:00am - 8:00pm; Fri 11:00am - 7:00pm; Sat 9:00am - 5:00pm; Sun Closed,,,,,,,City of San Diego,,,,,,,,,,,,,,,,,,,,,,,,,,
ee9ae00f-3d30-4fb1-9bbb-7c95fa88afd8,Southcrest Recreation Center,"4149 Newton Ave, San Diego, CA 92113",32.69307322,-117.1058675,,"Mon, Tues, Fri 12:00pm - 8:00pm; Wed - Thurs 12:00pm - 10:00pm; Sat - Sun 9:00am - 5:00pm",,,,,,,City of San Diego,,,,,,,,,,,,,,,,,,,,,,,,,,
40f1a79c-47c7-4490-8828-7396943fc480,Stockton Recreation Center,"330 32nd St, San Diego, CA 92113",32.70919737,-117.1255554,,Call for hours,,,,,,,City of San Diego,,,,,,,,,,,,,,,,,,,,,,,,,,
4e2cb640-256b-470c-9047-84c4ff1b6edd,Torrey Pines Golf Clubhouse,"11480 N Torrey Pines Rd, La Jolla, CA 92037",32.90451268,-117.2453626,,Mon - Fri 8:00am - 4:30pm,,,,,,,City of San Diego,,,,,,,,,,,,,,,,,,,,,,,,,,
178d01f2-e4d0-465e-906e-9fa8c3b0c381,Del Sur Neighborhood Park,"15820 Paseo Montenero, San Diego, CA 92127",33.01608019,-117.1412717,,24/7,,,,,,,City of San Diego,,,,,,,,,,,,,,,,,,,,,,,,,,
d680ecd6-2660-4959-bbfa-b74e6c2050bd,Carmel Del Mar Park,"12345 Carmel Park Dr, San Diego, CA 92130",32.94055299,-117.2267999,,24/7,,,,,,,City of San Diego,,,,,,,,,,,,,,,,,,,,,,,,,,
a787a37f-b4e0-4d6a-9310-5d00ce808436,Solana Highlands Elementary Joint Use,"3520 Long Run Dr, San Diego, CA 92130",32.95508202,-117.2397783,,Joint Use Hours,,,,,,,Joint Use between the City of San Diego & Solana Beach School District,,,,,,,,,,,,,,,,,,,,,,,,,,
0d4c6279-53ae-4517-9721-5ab820fef0cc,Marshall Middle Joint Use,"9700 Avenue of Nations, San Diego, CA 92131",32.89615217,-117.0992271,,Joint Use Hours,,,,,,,Joint Use between the City of San Diego & San Diego Unified School District,,,,,,,,,,,,,,,,,,,,,,,,,,
c12257fe-e7b5-4519-8059-e239a408ba76,De Portola Middle Joint Use,"11010 Clairemont Mesa Blvd, San Diego, CA 92124",32.82962354,-117.0912281,,Joint Use Hours,,,,,,,Joint Use between the City of San Diego & San Diego Unified School District,,,,,,,,,,,,,,,,,,,,,,,,,,
c9bd1817-9fcb-4525-9308-5f159d12c259,Nobel Athletic Fields Toscana,"7461 Toscana Dr, San Diego, CA 92122",32.86926404,-117.2007033,,24/7,,,,,,,City of San Diego,,,,,,,,,,,,,,,,,,,,,,,,,,
b67273af-034d-4b4b-9412-e19d53c6a568,Tecolote Canyon,"5188 Tecolote Rd, San Diego, CA 92110",32.77536487,-117.1976368,,24/7,,,,,,,City of San Diego,,,,,,,,,,,,,,,,,,,,,,,,,,
2c44f2d9-788d-4348-bcd1-db87d426d1cc,Mount Hope Cemetery,"3751 Market St, San Diego, CA 92102",32.70953495,-117.1125085,,Mon - Fri 8:00am - 3:30pm,,,,,,,City of San Diego,,,,,,,,,,,,,,,,,,,,,,,,,,
034f0e71-03de-4926-810e-788ac3cf3e94,Southcrest Park,"1297 S. 40th St., San Diego, CA  92113",32.69431392,-117.104459,,24/7,,,,,,,City of San Diego,,,,,,,,,,,,,,,,,,,,,,,,,,
9c007f66-883b-4ca4-ae7d-3b4762202db8,Los Peñasquitos Canyon Park Ranger Station,"12117 Black Mountain Rd, San Diego, CA 92129",32.93785583,-117.127085,,Ranger Station Hours,,,,,,,City of San Diego,,,,,,,,,,,,,,,,,,,,,,,,,,
5c3a10f1-5801-4d85-ae3e-b7e0aa2cf523,Ocean Air Park,"4770 Fairport Way, San Diego, CA 92130",32.92829439,-117.2168111,,24/7,,,,,,,City of San Diego,,,,,,,,,,,,,,,,,,,,,,,,,,
f9b2ab05-c5c0-4889-b62a-fd16584fc1eb,Monroe Street Pool,"3401 Monroe St.Carlsbad, CA 92008",33.16470528,-117.3289134,,Mon - Fri 6:00am - 10:30am & 11:30am - 7:00pm; Sat - Sun 8:00am - 4:00pm,,,,,,,City of Carlsbad,,,,,,,,,,,,,,,,,,,,,,,,,,
6ccc1853-7abd-481b-9f64-309a73a9b157,Poinsettia Park Pickleball,"6600 Hidden Valley Rd, Carlsbad, CA 92011",33.11579946,-117.3061333,,"8:00am - 10:00pm, daily",,,,,,,City of Carlsbad,,,,,,,,,,,,,,,,,,,,,,,,,,
3f7fd237-d8a4-4133-9cb9-8f28e1e0bce3,Daley Ranch House,"3024 La Honda Dr, Escondido, CA 92027",33.17948998,-117.0507627,,Dawn to Dusk,,,,,,,City of Escondido,,,,,,,,,,,,,,,,,,,,,,,,,,
853ce768-8ec1-4456-8822-294d207974b1,Kit Carson Escondido Sport Center,"3315 Bear Valley Pkwy, Escondido, CA 92025",33.0772027,-117.0599591,1,Sunrise - Sunset,1,0,1,1,0,2,City of Escondido,3,6/19/24 15:26,,1,,,,,,,,,,,,,,,,,,,,,,
10575383-ab91-4106-8ea6-59a52b032cc0,Page Pavilion SDSU Campus,,,,1,,1,1,1,1,2,6,,1,54:26.3,,,,,,Campus building,,,,,,,,,,,,,,,,,,
cdba63a6-6389-4d55-9447-a75782e4b4f1,La Colonia Community Center and Park,715 Valley Avenue,32.98619351,-117.2588111,,Unknown,,,,,,,City of Solana Beach,,,,,,,,,,,,,,,,,,,,,,,,,,
863aab57-872a-43da-bec3-df3d4f195c45,Lifeguard Tower 25th Street,"Ocean Front & 25th St, Del Mar, CA 92014",32.96946153,-117.2689495,,Unknown,,,,,,,City of Del Mar,,,,,,,,,,,,,,,,,,,,,,,,,,
3ba38879-bf78-4656-9fb4-360710162209,Lindo Lake Playground,"12660 Lindo Ln, Lakeside, CA 92040",32.8573519,-116.9170996,1,7:30am - 30 minutes before sunset; daily,1,1,0,1,0,2,San Diego County,3,,,1,,,,,,,,,,,,,,,,,,,,,,
dd0f5658-7cab-43b1-84ae-2bf24ccdea33,Morley Field Bocce Ball,"Balboa Park, Jacaranda Pl, San Diego, CA 92104",32.74020278,-117.1360778,1,None posted,0,0,0,1,0,2,City of San Diego,3,,,1,,,,,,,,,,,,,,,,,,,,,,
d858a74c-0889-4658-b8b2-3e681ef9ebf5,Palomar College Transit Station,"840 Inland Rail Trail, San Marcos, CA 92069",33.14674688,-117.1850892,,,,,,,,,North County Transit District,,,,,,,,,,,,,,,,,,,,,,,,,,
5b88f306-63fc-40c3-97e3-56eddb449d4a,Palomar Mountain State Park Doane Valley Campground,"19952 State Park Drive, Palomar Mountain, CA 92060",33.34360741,-116.9017966,,"Dawn to Dusk, daily",,,,,,,State of CA,,,,,,,,,,,,,,,,,,,,,,,,,,
7e1c1af9-2785-4691-bea8-ee6b995002e1,Palomar Mountain State Park Silver Crest Picnic Area,"19952 State Park Rd, Palomar Mountain, CA 92060",33.33214393,-116.9068117,,"Dawn to Dusk, daily",,,,,,,State of CA,,,,,,,,,,,,,,,,,,,,,,,,,,
053036c6-6eff-4fc5-a485-8322f072e3c8,San Dieguito (Upper Playground),"1628 Lomas Santa Fe Dr, Del Mar, CA 92014",32.999187,-117.237838,,Unknown,,,,,,,San Diego County,,,,,,,,,,,,,,,,,,,,,,,,,,
89074cce-3c2d-419d-87de-843c230ddd9a,San Elijo State Beach (Lizst Ave),"2050 S Coast Hwy 101, Cardiff, CA 92007",33.02699014,-117.2874729,,"Dawn to Sunset, daily",,,,,,,CA State Parks,,,,,,,,,,,,,,,,,,,,,,,,,,
fbadc096-64bf-4930-b835-09d8d280ecbd,San Elijo State Beach (Tower 16),"2050 S Coast Hwy 101, Cardiff, CA 92007",33.01731285,-117.2821926,,"Dawn to Sunset, daily",,,,,,,CA State Parks,,,,,,,,,,,,,,,,,,,,,,,,,,
fe185493-244f-4f25-bf44-fb2bb20dd238,Thrive Park,"2101 Stadium Wy, San Diego, CA 92108",32.78542054,-117.1241157,,,,,0,0,0,2,City of San Diego,,,,1,,,,,,,,,,,,,,,,,,,,,,
4dad0700-1fbd-4c4b-a605-0979de39791d,Tierrasanta Hex Building,"11220 Clairemont Mesa Blvd, San Diego, CA 92124",32.83042543,-117.0879548,,Sun 9:00am - 4:00pm; Mon 11:00am - 8:00pm; Tues 10:00am - 8:00pm; Wed 11:30am - 8:30pm; Thurs 10:00am - 8:00pm; Fri 12:00pm - 8:00pm; Sat 9:00am - 4:00pm,,,,,,,City of San Diego,,,,,,,,,,,,,,,,,,,,,,,,,,
9862cead-f34d-4d76-9fe3-e474bc661fde,Children's Park,"326 W Harbor Dr, San Diego, CA 92101",32.70996847,-117.1643507,1,Guard present 24/7 but bathroom closes at10:00pm,1,1,1,0,0,2,City of San Diego,1,2026-04-19 10:30,,1,,,,,,2026-04-19T17:32:29.557Z,9862cead-f34d-4d76-9fe3-e474bc661fde,update,Elise & Ariana,2026-04-19 10:30,Children's Park,Yes,Accessed from outside the building,Somewhat visible,No,Yes,Yes,No,New change from the previous: No showers,,,TRUE
94199d02-3914-40ea-9207-ad6c6897a4df,Kit Carson Ray Love Tennis Center,"3333 Bear Valley Pkwy, Escondido, CA 92025",33.07638647,-117.0609709,1,Sunrise - Sunset,1,0,0,1,0,2,City of Escondido,3,,,1,,,,,,,,,,,,,,,,,,,,,,
97afd105-8e25-4ed1-92a0-f73b11955ae4,Loma Verde Aquatic Center,"1420 Loma Ln, Chula Vista, CA 91911",32.60273879,-117.0487774,,Mon - Fri 10:00am - 12:00pm; 4:00pm - 7:00pm,,,,,,1,City of Chula Vista,,,,,,,,,,,,,,,,,,,,,,,,,,
c5ca3932-226d-4235-87ac-2dc552cf2a1c,Imperial Beach Sports Park,"425 Imperial Beach Blvd, Imperial Beach, CA 91932",32.57536854,-117.1241139,1,"8a-Sunset, daily",1,0,0,0,0,2,City of Imperial Beach,1,,,1,,,,,,,,,,,,,,,,,,,,,,
23eb41e0-5940-40c1-9c0d-713bae2e9a2b,Old Town Mason Street,"3966 Mason St, San Diego, CA 92110",32.75360987,-117.1968153,1,10:00am - 5:00pm,1,0,0,0,0,2,City of San Diego & CA state parks,3,,,1,,,,,,,,,,,,,,,,,,,,,,
,Legion Park - W 5th Street,"445 W 5th St, Calexico, CA 92231",32.67047748,-115.5031189,,,,,,,,,,,,,,,,,,,,,,,,,,,,,,,,,,,
,Adrian C. Cordova Park,"1379-1391 Meadows Dr, Calexico, CA 92231",32.69105675,-115.4688485,,,,,,,,,,,,,,,,,,,,,,,,,,,,,,,,,,,
,Rookwood Plaza,"E 5th St & Mary Ave, Calexico, CA 92231",32.67053042,-115.4927634,,,,,,,,,,,,,,,,,,,,,,,,,,,,,,,,,,,
,Nosotros Little League Park,"992 Calexico St, Calexico, CA 92231",32.67302374,-115.5185385,,,,,,,,,,,,,,,,,,,,,,,,,,,,,,,,,,,
,Las Casitas Park,"600 J M Ostrey St, Calexico, CA 92231",32.68350347,-115.5105597,,,,,,,,,,,,,,,,,,,,,,,,,,,,,,,,,,,
,Crummet Park,"850 Encinas Ave, Calexico, CA 92231",32.67525259,-115.4871192,,,,,,,,,,,,,,,,,,,,,,,,,,,,,,,,,,,
,Calexico City Library,"850 Encinas Ave, Calexico, CA 92231",32.67527541,-115.4876547,,M-Th 10:00 a.m. to 8:00 p.m.,,,,,,,,,,,,,,,,,,,,,,,,,,,,,,,,,
,Community Center Park,"058-375-004, Calexico, CA 92231",32.67256799,-115.4864279,,,,,,,,,,,,,,,,,,,,,,,,,,,,,,,,,,,
,Daniel V. Guitierrez Community Soccer Field,"989 Andrade Ave, Calexico, CA 92231",32.67635102,-115.4817078,,,,,,,,,,,,,,,,,,,,,,,,,,,,,,,,,,,
,John F. Kennedy Park,"2001-2015 C.N.Perry Ave, Calexico, CA 92231",32.68769712,-115.4926934,,,,,,,,,,,,,,,,,,,,,,,,,,,,,,,,,,,
a0a0e224-e981-529b-a020-c88482c17855,Student Union 2nd Floor Hallway,Right next to Metztli and Aztlan Suites,32.77336,-117.069849,1,“Normal Business Hours”,1,1,,0,1,,,1,2026-02-05 16:11,,,,,,,SDSU has signs outside of the renovated bathrooms on the first floor pointing students to this location with “ Hallway outside of Metzli & Aztlan Mtg Rooms”,2026-02-06T00:16:55.218Z,a0a0e224-e981-529b-a020-c88482c17855,new,Erin Petersen,2026-02-05 16:11,Student Union 2nd Floor Hallway,Yes,Accessed from inside the building,Somewhat hard to find,No,No,Yes,No,"It’s a little tucked away in the hallway, and while there’s a sign in the hallway itself, it can be hard to find if you don’t already know where the suites are.","It’s very clean, with menstrual products and a large mirror, but the lights are a little dim.","It’s only busy when meetings are happening in the suites, and was very quiet and empty when I went.",TRUE
